c,bE,aE,bP,aP,bS,aS,t
0,12,11,10,12.6,1,1,1537959608371
0,0,11,,12.6,,1,1537959608374
0,11,11,10,12.6,1,1,1537959608377
0,11,11,,12.6,,1,1537963213089
0,11,11,10.4,12.6,20,1,1537963226378
0,11,11,10.4,12.6,20,2,1537963327686
0,11,11,10.4,12.6,20,1,1537963346035
0,11,11,10.4,12.6,19,1,1537963346041
0,11,11,10.4,12.6,9,1,1537963521421
0,11,11,,12.6,,1,1537963521422
0,8,11,9,12.6,1,1,1537963781472
0,0,11,,12.6,,1,1537964004134
0,12,11,0.05,12.6,1,1,1537964060609
0,12,8,0.05,10.45,1,1,1537964257333
0,12,11,0.05,12.6,1,1,1537964436574
0,12,8,0.05,10.4,1,1,1537964465747
0,11,8,4.9,10.4,1,1,1537964727051
0,11,11,4.9,12.6,1,1,1537964736693
0,11,8,4.9,10.25,1,1,1537964792035
0,11,11,4.9,12.6,1,1,1537964993907
0,11,11,8,12.6,3,1,1537965757324
0,11,11,8,9.85,3,1,1537966025341
0,11,11,8,9.85,7,1,1537966318471
0,11,11,8.05,9.85,1,1,1537966329057
0,8,11,8.05,9.85,4,1,1537966473162
0,12,11,8.15,9.85,10,1,1537967139697
0,8,11,8.75,9.85,3,1,1537967611019
0,11,11,9.35,9.85,1,1,1537968480560
0,11,12,9.35,10.3,1,24,1537968524963
0,11,11,9.35,10.35,1,2,1537968524964
0,11,11,9.35,10.35,1,1,1537968524965
0,11,19,9.35,9.6,1,1,1537968526612
0,12,19,8.9,9.6,24,1,1537968571132
0,12,19,9.05,9.6,24,1,1537968571132
0,11,19,8.85,9.6,3,1,1537968571133
0,11,19,8.85,9.6,2,1,1537968571138
0,12,19,8.6,9.6,24,1,1537968571138
0,11,19,8.85,9.6,1,1,1537968571138
0,11,19,8.55,9.6,3,1,1537968571139
0,11,19,8.55,9.6,2,1,1537968571465
0,12,19,8.55,9.6,2,1,1537968582235
0,11,19,8.55,9.6,3,1,1537968585014
0,11,19,8.55,9.6,2,1,1537968613656
0,12,19,8.55,9.6,1,1,1537968613657
0,12,19,8.55,9.6,11,1,1537968633750
0,11,19,8.55,9.6,1,1,1537968645374
0,3,19,8.6,9.6,1,1,1537968645375
0,12,11,8.6,9.6,10,1,1537968645375
0,12,19,8.6,9.6,10,1,1537968645375
0,12,11,8.6,9.55,10,2,1537968656530
0,12,11,8.6,9.55,10,1,1537968656530
0,12,11,8.6,9.55,9,2,1537968656530
0,12,11,8.6,9.55,2,2,1537968657686
0,12,11,8.6,9.25,2,1,1537968699562
0,12,11,8.6,9.25,2,2,1537968699563
0,12,11,8.6,9.25,2,1,1537968702266
0,12,11,8.6,9.05,2,1,1537968705050
0,12,19,8.6,9.4,2,1,1537968705705
0,12,11,8.6,9.4,2,2,1537968705705
0,12,11,8.6,9.4,2,1,1537968706014
0,12,11,8.6,9.4,3,1,1537968736012
0,12,11,8.6,9.4,2,1,1537968738928
0,19,11,8.55,9.4,1,1,1537968772288
0,12,11,8.65,9.4,2,1,1537968772290
0,11,11,8.85,9.4,1,1,1537968797430
0,11,11,8.85,9.35,1,1,1537968820161
0,11,11,8.85,9.35,1,2,1537968820161
0,11,11,8.85,9.25,1,1,1537968822793
0,11,11,8.85,9.25,1,2,1537968822793
0,11,11,8.85,9.25,1,1,1537968823748
0,11,11,8.85,9.1,1,2,1537968832373
0,11,11,8.85,9.1,1,3,1537968832374
0,11,11,8.85,9.1,1,1,1537968836685
0,11,11,8.85,9.05,1,1,1537968838330
0,11,11,8.85,9.05,1,2,1537968838331
0,11,11,8.85,9.05,1,1,1537968838970
0,11,11,8.85,9.05,1,2,1537968841439
0,10,11,8.85,9.05,1,1,1537968843586
0,11,11,8.85,9.05,1,1,1537968843587
0,19,11,8.85,9.05,1,1,1537968843589
0,11,11,8.85,9.05,1,1,1537968843590
0,11,10,8.85,9,1,1,1537968843596
0,11,10,8.85,9,1,3,1537968843605
0,11,11,8.85,9.05,1,1,1537968847999
0,11,12,8.85,9,1,1,1537968858558
0,11,11,8.85,9.05,1,1,1537968861483
0,10,11,8.85,9.05,2,1,1537968863014
0,10,10,8.85,9,2,2,1537968881060
0,10,11,8.85,9.05,2,1,1537968885480
0,10,10,8.85,9.15,2,1,1537968886226
0,10,19,8.85,9.15,2,1,1537968886226
0,11,10,9,9.15,1,1,1537968895672
0,11,11,9,9.15,1,1,1537968895676
0,10,11,9,9.15,1,2,1537968913349
0,10,10,9,9.15,1,1,1537968914338
0,11,18,9,9.25,1,5,1537968914339
0,12,18,9.05,9.25,1,4,1537968914339
0,12,18,9.05,9.25,1,5,1537968914339
0,12,10,9.05,9.25,1,2,1537968914339
0,11,10,9,9.25,1,2,1537968914342
0,10,10,9,9.25,1,2,1537968914354
0,11,11,9,9.25,1,1,1537968915111
0,10,19,9,9.3,1,1,1537968915950
0,10,12,9,9.4,1,1,1537968916212
0,10,11,9,9.4,1,1,1537968916212
0,19,12,9.3,9.4,1,1,1537968916212
0,12,12,9,9.4,1,1,1537968916212
0,12,10,9.35,9.5,1,1,1537968916213
0,19,10,9.3,9.5,1,1,1537968916213
0,19,10,9.3,9.5,1,1,1537968916213
0,10,10,9.25,9.5,1,1,1537968916215
0,10,10,9.25,9.5,1,2,1537968922097
0,11,10,9.15,9.5,1,2,1537968922167
0,12,10,9.15,9.5,1,2,1537968922168
0,10,10,9.15,9.5,1,2,1537968922188
0,10,11,9.15,9.5,1,1,1537968927568
0,19,11,9.1,9.5,1,1,1537968928167
0,12,11,9.1,9.5,1,1,1537968928186
0,10,11,9.1,9.5,1,1,1537968928186
0,11,11,9.05,9.5,1,1,1537968934168
0,12,10,9.05,9.5,1,1,1537968934174
0,11,10,9.25,9.5,1,1,1537968938342
0,11,11,9.25,9.5,1,1,1537968938345
0,11,10,9.3,9.5,1,1,1537968950461
0,11,11,9.3,9.5,1,1,1537968950495
0,2,19,9.3,9.55,1,1,1537968956501
0,2,10,9.3,9.5,1,1,1537968956501
0,2,10,9.3,9.6,1,1,1537968956501
0,2,10,9.3,9.65,1,49,1537968956504
0,11,10,9.5,9.65,13,49,1537968956513
0,11,10,9.5,9.65,13,37,1537968956528
0,11,10,9.5,9.65,13,27,1537968956528
0,11,12,9.5,9.8,13,24,1537968956528
0,11,15,9.5,9.8,13,1,1537968956529
0,11,2,9.5,9.8,13,1,1537968956529
0,11,11,9.5,9.85,13,2,1537968956530
0,10,11,9.55,9.85,6,2,1537968956538
0,10,19,9.55,9.85,6,1,1537968956950
0,10,2,9.55,9.85,6,1,1537968957059
0,10,12,9.55,9.85,6,1,1537968957204
0,10,12,9.55,9.95,6,1,1537968957840
0,10,10,9.55,10,6,1,1537968957860
0,10,19,9.55,10,6,1,1537968957883
0,10,12,9.55,10,6,1,1537968958607
0,10,12,9.55,10,7,1,1537968959570
0,10,12,9.6,10,1,1,1537968963460
0,10,19,9.6,10,1,1,1537968963462
0,2,19,9.6,10,1,1,1537968963492
0,12,19,9.6,10,1,1,1537968963504
0,10,19,9.6,10,1,1,1537968964199
0,10,10,9.6,10,1,1,1537968966662
0,10,19,9.6,10,2,1,1537968969002
0,10,10,9.6,10,2,1,1537968971097
0,10,11,9.6,9.95,2,1,1537969010519
0,2,11,9.6,9.95,1,1,1537969017661
0,10,11,9.6,9.95,2,1,1537969054135
0,10,10,9.6,10,2,1,1537969086920
0,10,10,9.65,10,1,1,1537969086930
0,10,10,9.65,10,2,1,1537969087305
0,10,10,9.65,10,3,1,1537969087305
0,10,10,9.65,10,3,25,1537969092520
0,10,10,9.65,9.95,3,4,1537969108165
0,10,10,9.65,9.95,3,5,1537969148672
0,10,10,9.65,9.95,3,4,1537969169100
0,10,10,9.75,9.95,1,4,1537969212450
0,10,10,9.75,9.95,2,4,1537969215525
0,10,10,9.75,9.95,3,4,1537969215712
0,10,10,9.75,9.95,4,4,1537969219328
0,10,10,9.75,9.95,5,4,1537969270960
0,10,10,9.75,9.95,6,4,1537969281036
0,10,11,9.75,9.85,6,1,1537969302165
0,10,10,9.75,9.95,6,3,1537969302165
0,10,10,9.75,9.95,6,3,1537969302165
0,10,10,9.8,9.95,4,3,1537969302174
0,10,10,9.8,9.95,4,4,1537969302175
0,10,10,9.8,9.95,5,4,1537969304365
0,10,10,9.8,9.95,6,4,1537969306599
0,10,10,9.8,9.95,7,4,1537969311468
0,10,10,9.8,9.95,7,1,1537969333950
0,10,10,9.8,10,7,25,1537969353064
0,10,10,9.8,10,7,26,1537969353068
0,10,10,9.8,10,7,25,1537969355494
0,10,10,9.8,10,8,25,1537969360159
0,10,12,9.8,10,8,24,1537969399666
0,11,12,9.9,10,1,24,1537969429702
0,11,12,9.9,10,1,23,1537969431195
0,11,12,9.9,10,1,19,1537969431203
0,11,10,9.9,10,1,1,1537969431203
0,11,11,9.9,10.1,1,1,1537969431204
0,11,11,9.9,10,1,1,1537969431205
0,10,11,9.95,10,1,1,1537969431213
0,10,8,9.95,10,1,1,1537969432224
0,10,10,9.95,10.1,1,1,1537969432225
0,10,8,9.95,10,1,1,1537969432229
0,10,10,9.95,10,1,2,1537969432230
0,10,8,9.95,10,1,1,1537969433140
0,10,19,9.95,10,2,1,1537969433145
0,10,19,9.95,10,1,1,1537969433145
0,10,11,9.95,10,2,3,1537969445180
0,10,11,9.95,10,3,3,1537969446236
0,10,11,9.95,10,2,3,1537969453517
0,10,12,9.95,10,2,1,1537969453525
0,10,8,9.95,10,2,1,1537969453525
0,10,11,9.95,10.1,2,1,1537969453525
0,10,12,9.95,10.2,2,2,1537969453526
0,10,11,9.95,10.2,2,2,1537969453537
0,10,19,9.95,10.2,2,1,1537969453795
0,10,12,9.95,10.2,2,1,1537969453919
0,10,12,9.95,10.3,2,1,1537969453920
0,10,11,9.95,10.3,2,1,1537969453920
0,10,19,9.95,10.4,2,1,1537969453935
0,10,12,9.95,10.4,2,1,1537969455311
0,10,10,9.95,10.45,2,5,1537969455311
0,18,10,10.15,10.45,1,5,1537969456456
0,10,10,10.15,10.45,1,5,1537969456514
0,10,10,10.2,10.45,1,5,1537969457960
0,12,10,10.2,10.45,2,5,1537969459618
0,12,10,10.2,10.25,2,1,1537969462910
0,12,10,10.2,10.45,2,5,1537969462910
0,12,11,10.2,10.35,2,1,1537969462910
0,12,10,10.2,10.45,2,5,1537969462912
0,12,10,10.2,10.45,2,4,1537969462922
0,12,11,10.2,10.4,2,1,1537969463553
0,12,10,10.2,10.45,2,4,1537969463557
0,12,10,10.2,10.45,2,3,1537969467000
0,12,10,10.2,10.45,2,4,1537969470855
0,12,10,10.2,10.45,2,3,1537969471016
0,11,10,10.2,10.45,1,3,1537969471100
0,8,10,10.2,10.45,1,3,1537969473687
0,10,10,10.2,10.45,2,3,1537969473695
0,10,10,10.2,10.4,2,1,1537969482032
0,10,10,10.2,10.4,2,2,1537969482034
0,8,10,10.2,10.4,1,2,1537969486884
0,8,10,10.2,10.4,1,1,1537969489776
0,10,2,10.2,10.4,1,1,1537969554223
0,8,2,10.2,10.4,1,1,1537969554223
0,10,8,10.2,10.25,1,1,1537969554223
0,10,10,10.2,10.4,1,1,1537969554224
0,10,2,10.2,10.4,1,1,1537969554225
0,19,2,10.15,10.4,1,1,1537969584130
0,12,2,10.1,10.4,1,1,1537969584133
0,12,19,10.1,10.15,1,1,1537969584134
0,10,19,10.05,10.15,2,1,1537969584134
0,10,19,10.05,10.15,1,1,1537969584134
0,10,12,10.05,10.1,2,1,1537969584135
0,10,11,10.05,10.45,2,49,1537969584138
0,10,10,10.05,10.4,2,1,1537969584138
0,10,19,10.05,10.2,2,1,1537969584139
0,11,19,10,10.2,1,1,1537969591864
0,10,19,10.05,10.2,1,1,1537969591864
0,3,19,10,10.2,1,1,1537969605534
0,11,19,10,10.2,1,1,1537969605536
0,11,10,10,10.2,1,1,1537969608568
0,11,10,10,10.2,1,1,1537969611538
0,19,10,10,10.2,1,1,1537969611538
0,11,19,10,10.05,1,1,1537969611538
0,11,10,10,10.2,1,1,1537969611542
0,11,19,10,10.2,1,1,1537969615262
0,11,10,10,10.1,1,1,1537969645062
0,11,11,10,10.1,1,1,1537969645164
0,11,8,10,10.1,1,1,1537969665318
0,11,12,10,10.05,1,1,1537969665319
0,11,11,10,10.05,1,1,1537969665379
0,11,12,10,10.05,1,10,1537969686942
0,11,12,9.9,10.05,2,10,1537969749132
0,11,12,9.9,10,2,1,1537969749132
0,2,12,9.9,10,1,11,1537969749133
0,11,12,9.9,10,1,11,1537969749133
0,2,12,9.9,10,1,1,1537969749133
0,15,12,9.9,10,1,11,1537969749145
0,15,12,9.9,10,1,10,1537969749192
0,15,10,9.9,9.95,1,1,1537969760061
0,11,10,9.9,9.95,1,1,1537969760062
0,11,19,9.9,9.95,1,1,1537969767745
0,2,19,9.9,9.95,1,1,1537969770785
0,11,19,9.9,9.95,1,1,1537969770786
0,15,19,9.9,9.95,1,1,1537969770786
0,11,15,9.9,9.95,1,1,1537969770835
0,11,10,9.9,9.95,1,2,1537969771866
0,11,10,9.9,9.95,1,4,1537969775758
0,11,10,9.9,9.95,1,2,1537969779265
0,11,15,9.9,9.95,1,1,1537969787754
0,11,10,9.9,9.95,1,1,1537969787755
0,11,10,9.9,9.95,1,2,1537969806426
0,11,10,9.9,9.95,1,3,1537969806550
0,11,10,9.9,9.95,1,4,1537969811087
0,11,10,9.9,9.95,1,2,1537969821140
0,11,10,9.9,9.95,1,3,1537969821141
0,11,10,9.9,9.95,1,2,1537969823737
0,11,10,9.9,9.95,1,1,1537969823742
0,11,10,9.9,9.95,1,2,1537969824450
0,11,10,9.9,9.95,1,1,1537969838910
0,11,10,9.9,9.95,1,2,1537969838912
0,10,10,9.9,9.95,2,2,1537969861450
0,10,10,9.9,9.95,2,1,1537969863330
0,10,10,9.9,10,2,1,1537969863330
0,10,10,9.9,10,2,2,1537969863334
0,10,15,9.9,10,2,1,1537969865319
0,10,10,9.9,10,2,1,1537969866128
0,10,15,9.9,10,2,1,1537969866163
0,10,10,9.9,10,2,1,1537969868623
0,10,15,9.9,10,3,1,1537969869294
0,10,10,9.9,10,3,2,1537969869758
0,10,10,9.9,10,4,2,1537969972671
0,10,10,9.9,10,4,3,1537969972672
0,11,10,9.95,10,1,3,1537970164013
0,15,10,9.95,10,1,3,1537970164547
0,15,10,9.95,10,1,2,1537970214594
0,15,10,9.95,10,1,2,1537970214594
0,15,15,9.95,10,1,1,1537970214594
0,11,10,9.95,10,1,2,1537970214595
0,11,10,9.95,10,1,3,1537970214610
0,10,10,9.95,10,2,3,1537970232005
0,10,10,9.95,10,3,3,1537970243034
0,10,10,9.95,10,2,3,1537970263000
0,10,10,9.95,10,3,3,1537970263589
0,10,10,9.95,10,4,3,1537970270935
0,10,8,9.95,10,4,1,1537970292330
0,10,10,9.95,10,4,2,1537970292330
0,10,10,9.95,10,4,1,1537970292330
0,10,10,9.95,10.1,4,2,1537970292331
0,10,11,9.95,10.1,4,1,1537970292331
0,10,19,9.95,10,4,1,1537970292350
0,10,11,9.95,10.1,4,1,1537970292368
0,10,8,9.95,10.1,4,1,1537970292369
0,10,18,9.95,10,4,1,1537970292370
0,10,18,9.95,10,5,1,1537970293334
0,10,18,9.95,10,6,1,1537970293951
0,10,10,9.95,10.1,6,2,1537970304639
0,10,8,9.95,10.1,6,1,1537970304639
0,12,8,10,10.1,2,1,1537970304639
0,12,11,10,10.1,2,1,1537970304640
0,2,11,10,10.1,1,1,1537970304640
0,12,11,10,10.1,2,1,1537970304640
0,12,11,10,10.1,2,1,1537970304640
0,15,11,10,10.1,1,1,1537970304640
0,15,12,10,10.1,1,2,1537970304640
0,15,11,10,10.1,1,1,1537970304640
0,12,11,10,10.1,2,1,1537970304640
0,15,11,10,10.1,1,1,1537970304640
0,10,11,9.95,10.1,5,1,1537970304641
0,12,11,10,10.1,1,1,1537970304641
0,10,11,10,10.1,1,1,1537970304642
0,10,11,9.95,10.1,5,1,1537970304643
0,10,15,9.95,10.1,5,1,1537970304650
0,10,19,9.95,10,5,1,1537970304650
0,10,10,9.95,10,5,1,1537970304668
0,10,15,9.95,10,5,1,1537970304668
0,10,8,9.95,10.1,5,1,1537970304669
0,10,18,9.95,10,5,1,1537970304671
0,10,8,9.95,10,5,2,1537970312338
0,10,10,9.95,10,5,3,1537970402014
0,10,10,9.95,10,3,3,1537970563000
0,10,10,9.95,10,4,3,1537970563000
0,10,8,9.95,10,4,2,1537970564022
0,10,8,9.95,10,3,2,1537970564022
0,10,10,9.95,10,4,3,1537970601664
0,10,10,9.95,10,5,3,1537970609440
0,10,10,9.95,10,5,4,1537970653677
0,10,10,9.95,10,5,3,1537970656396
0,10,8,9.95,10,5,2,1537970662411
0,10,10,9.95,10,5,3,1537970705150
0,3,10,9.95,10,1,3,1537970733382
0,12,10,9.95,10,1,3,1537970733383
0,11,10,9.95,10,1,3,1537970733383
0,11,10,9.95,10,1,4,1537970747862
0,11,12,9.95,10,1,3,1537970748630
0,11,12,9.95,10,1,3,1537970758513
0,10,12,9.95,10,1,3,1537970758513
0,11,10,9.95,10,1,4,1537970758514
0,11,12,9.95,10,1,3,1537970768158
0,11,12,9.95,9.95,1,1,1537970773172
0,11,11,9.95,10,1,3,1537970773197
0,10,11,9.95,10,1,4,1537970776211
0,11,11,9.95,10,1,4,1537970776730
0,10,11,9.9,9.95,3,3,1537970776733
0,10,11,9.9,9.95,3,2,1537970776733
0,10,11,9.9,9.95,3,2,1537970777358
0,10,11,9.9,9.95,2,2,1537970782367
0,10,10,9.9,9.95,2,3,1537970782368
0,10,11,9.9,9.95,2,2,1537970808437
0,2,11,9.9,9.95,1,2,1537970818552
0,11,11,9.9,9.95,1,2,1537970818554
0,10,11,9.9,9.95,2,2,1537970883421
0,10,11,9.9,9.95,2,2,1537970885188
0,12,11,9.9,9.95,3,2,1537970885188
0,10,12,9.9,9.95,2,2,1537970885188
0,12,10,9.9,10,3,3,1537970885188
0,12,10,9.9,9.95,3,1,1537970885188
0,12,10,9.9,10,3,4,1537970885188
0,12,10,9.9,10,3,3,1537970885189
0,12,10,9.9,10,6,3,1537970885189
0,11,10,9.95,10,1,3,1537970885189
0,12,10,9.95,10,4,3,1537970885189
0,12,10,9.95,10,2,3,1537970885189
0,12,10,9.95,10,3,3,1537970885189
0,12,10,9.95,10,5,3,1537970885189
0,11,10,9.95,10,1,3,1537970885189
0,10,10,9.95,10,1,3,1537970885190
0,2,10,9.95,10,1,3,1537970885190
0,15,10,9.95,10,1,3,1537970885190
0,19,10,9.9,10,2,3,1537970885190
0,11,10,9.9,10,1,3,1537970885190
0,17,10,9.9,10,3,3,1537970885190
0,10,10,9.95,10,1,3,1537970885192
0,11,10,9.95,10,1,3,1537970885192
0,19,10,9.95,10,2,3,1537970885192
0,19,10,9.95,10,3,3,1537970885204
0,19,10,9.95,10.05,3,27,1537970886564
0,19,10,9.95,10.05,3,26,1537970886564
0,11,10,9.95,10.05,7,27,1537970886565
0,11,10,9.95,10.05,8,27,1537970886565
0,11,10,10,10.05,1,27,1537970886565
0,18,10,9.95,10.05,3,27,1537970886565
0,12,10,10,10.05,4,27,1537970886565
0,12,10,10,10.05,2,27,1537970886565
0,12,10,10,10.05,2,27,1537970886565
0,10,10,10,10.05,1,27,1537970886565
0,19,10,10,10.05,2,27,1537970886566
0,8,10,9.95,10.05,1,27,1537970886567
0,15,10,10,10.05,1,27,1537970886567
0,8,10,9.95,10.05,1,27,1537970886567
0,2,10,9.95,10.05,2,27,1537970886567
0,2,12,9.95,10.05,2,25,1537970886567
0,2,12,9.95,10.05,2,25,1537970886567
0,8,12,9.95,10.05,7,25,1537970886567
0,17,12,9.95,10.05,1,25,1537970886567
0,12,12,9.95,10.05,7,25,1537970886570
0,10,12,10,10.05,1,25,1537971007651
0,19,12,10,10.05,1,25,1537971008780
0,19,12,10,10.05,7,25,1537971035370
0,19,12,10,10.05,7,21,1537971039597
0,19,12,10,10.05,7,24,1537971039597
0,19,12,10,10.05,7,18,1537971039597
0,19,12,10,10.05,6,18,1537971039598
0,19,10,10,10.1,6,5,1537971039639
0,19,10,10,10.1,6,4,1537971039639
0,19,2,10,10.1,6,1,1537971039640
0,19,12,10.05,10.15,1,2,1537971039640
0,19,12,10,10.15,6,2,1537971039640
0,19,12,10.05,10.15,1,2,1537971039641
0,19,2,10.05,10.1,1,1,1537971039641
0,2,19,10.05,10.15,2,1,1537971039649
0,2,12,10.05,10.15,2,2,1537971039649
0,15,19,10.05,10.15,2,1,1537971039652
0,2,19,10.05,10.15,3,1,1537971039652
0,2,11,10.05,10.2,3,5,1537971039675
0,15,11,10.05,10.2,2,5,1537971039675
0,2,11,10.05,10.2,3,5,1537971039675
0,2,11,10.05,10.2,4,5,1537971039675
0,2,11,10.05,10.2,4,5,1537971041609
0,2,11,10.05,10.2,5,5,1537971042614
0,2,10,10.05,10.15,5,1,1537971136445
0,2,10,10.05,10.15,5,2,1537971136445
0,2,10,10.05,10.15,4,2,1537971136447
0,2,19,10.05,10.15,4,1,1537971146148
0,12,19,10.1,10.15,3,1,1537971151355
0,12,10,10.1,10.15,3,2,1537971151388
0,11,10,10.1,10.15,2,2,1537971151838
0,11,19,10.1,10.15,2,1,1537971153172
0,12,19,10.1,10.15,3,1,1537971155483
0,12,19,10.1,10.15,4,1,1537971155484
0,11,19,10.1,10.15,2,1,1537971155965
0,11,11,10.1,10.2,2,5,1537971156331
0,11,10,10.1,10.15,2,1,1537971156331
0,11,2,10.1,10.2,2,1,1537971156332
0,3,2,10.1,10.2,2,1,1537971156333
0,3,10,10.1,10.25,2,2,1537971156333
0,3,8,10.1,10.25,2,2,1537971156333
0,19,10,10.15,10.25,1,2,1537971156333
0,2,10,10.1,10.25,3,2,1537971156333
0,19,12,10.15,10.25,1,2,1537971156333
0,2,12,10.15,10.25,2,2,1537971156333
0,19,12,10.15,10.25,3,2,1537971156333
0,19,10,10.15,10.25,3,2,1537971156335
0,19,12,10.15,10.25,3,2,1537971156337
0,19,10,10.15,10.25,3,2,1537971156356
0,19,12,10.15,10.3,3,1,1537971159864
0,2,12,10.15,10.3,3,1,1537971159864
0,2,8,10.15,10.35,3,2,1537971159865
0,10,12,10.15,10.4,4,1,1537971159884
0,2,10,10.15,10.4,3,1,1537971159884
0,8,12,10.25,10.4,1,1,1537971159884
0,18,12,10.25,10.4,1,1,1537971159885
0,2,12,10.25,10.4,2,1,1537971159885
0,2,2,10.25,10.4,2,2,1537971159887
0,2,2,10.25,10.4,2,3,1537971162876
0,10,2,10.25,10.4,4,3,1537971164560
0,2,2,10.25,10.4,4,3,1537971214636
0,10,2,10.25,10.4,4,3,1537971240225
0,2,2,10.25,10.4,5,3,1537971262864
0,2,2,10.25,10.4,5,2,1537971262865
0,10,2,10.25,10.4,4,2,1537971349905
0,18,2,10.3,10.4,1,2,1537971349906
0,12,2,10.3,10.4,2,2,1537971349906
0,2,2,10.3,10.4,1,2,1537971349906
0,2,2,10.3,10.4,2,2,1537971349906
0,18,2,10.3,10.4,1,2,1537971349906
0,2,2,10.3,10.4,2,2,1537971349906
0,2,2,10.3,10.4,1,2,1537971349906
0,11,2,10.3,10.4,1,2,1537971349906
0,12,10,10.3,10.4,2,1,1537971349906
0,11,10,10.3,10.4,1,1,1537971349906
0,2,10,10.3,10.4,2,1,1537971349906
0,12,2,10.3,10.4,2,2,1537971349906
0,2,10,10.3,10.4,2,1,1537971349906
0,12,10,10.3,10.4,2,1,1537971349906
0,11,10,10.3,10.4,1,1,1537971349906
0,11,10,10.3,10.4,1,1,1537971349906
0,2,10,10.3,10.4,2,1,1537971349906
0,11,10,10.3,10.4,1,1,1537971349906
0,11,12,10.3,10.4,1,1,1537971349906
0,11,2,10.3,10.4,1,2,1537971349906
0,11,10,10.3,10.4,1,1,1537971349906
0,12,2,10.3,10.4,2,2,1537971349908
0,2,2,10.3,10.4,2,2,1537971350008
0,11,2,10.3,10.4,1,2,1537971350008
0,2,2,10.3,10.4,3,2,1537971350009
0,3,2,10.3,10.4,2,2,1537971408896
0,2,2,10.3,10.4,2,2,1537971409844
0,3,2,10.35,10.4,1,2,1537971410088
0,3,12,10.35,10.4,1,1,1537971410088
0,3,10,10.35,10.4,1,1,1537971410088
0,2,10,10.35,10.4,2,1,1537971410089
0,2,2,10.35,10.4,2,1,1537971410089
0,10,10,10.35,10.4,2,1,1537971412968
0,2,10,10.35,10.45,2,9,1537971413023
0,2,10,10.35,10.45,2,8,1537971413023
0,2,10,10.35,10.45,2,10,1537971413023
0,11,10,10.4,10.45,3,10,1537971413209
0,8,10,10.4,10.45,3,10,1537971413210
0,11,10,10.4,10.45,3,10,1537971413210
0,11,10,10.4,10.45,3,9,1537971413706
0,8,10,10.4,10.45,3,9,1537971414369
0,10,10,10.4,10.45,4,9,1537971415797
0,8,10,10.4,10.45,3,9,1537971415797
0,8,10,10.4,10.45,3,10,1537971469839
0,8,10,10.4,10.45,3,11,1537971474650
0,8,10,10.4,10.45,3,10,1537971475824
0,8,10,10.4,10.45,3,9,1537971476766
0,8,10,10.4,10.45,3,5,1537971515788
0,8,19,10.4,10.45,3,1,1537971526886
0,8,12,10.4,10.45,3,1,1537971527958
0,8,12,10.4,10.5,3,5,1537971527958
0,8,12,10.45,10.5,4,5,1537971527964
0,8,12,10.45,10.5,4,3,1537971528107
0,8,12,10.45,10.5,4,4,1537971528107
0,15,12,10.45,10.5,4,3,1537971528645
0,10,12,10.45,10.5,3,3,1537971528773
0,15,10,10.45,10.55,3,27,1537971529726
0,15,12,10.45,10.5,3,3,1537971529726
0,15,10,10.45,10.55,3,24,1537971529734
0,18,10,10.45,10.55,4,24,1537971529747
0,15,10,10.45,10.55,3,24,1537971529756
0,15,10,10.45,10.55,4,24,1537971530386
0,15,10,10.45,10.55,4,23,1537971530705
0,15,10,10.45,10.55,3,23,1537971549640
0,8,10,10.5,10.55,1,23,1537971554625
0,17,10,10.5,10.55,6,23,1537971554627
0,17,10,10.5,10.55,6,21,1537971556061
0,17,10,10.5,10.55,6,19,1537971560411
0,17,10,10.5,10.55,6,18,1537971561220
0,17,10,10.5,10.55,6,13,1537971561301
0,17,10,10.5,10.55,6,12,1537971562853
0,17,10,10.5,10.55,6,2,1537971566882
0,17,2,10.5,10.6,6,1,1537971566884
0,17,12,10.5,10.65,6,2,1537971566894
0,18,12,10.55,10.65,1,2,1537971566894
0,12,12,10.55,10.65,2,2,1537971566894
0,8,12,10.55,10.65,3,2,1537971566895
0,8,12,10.55,10.65,3,1,1537971566896
0,2,12,10.55,10.65,3,1,1537971566896
0,8,12,10.55,10.7,3,3,1537971566896
0,2,12,10.55,10.7,3,3,1537971566896
0,8,12,10.55,10.7,3,1,1537971566964
0,8,8,10.55,10.75,3,12,1537971566964
0,10,8,10.55,10.75,6,12,1537971569717
0,19,8,10.65,10.75,2,12,1537971570726
0,8,8,10.6,10.75,1,12,1537971570726
0,19,10,10.65,10.7,2,1,1537971570727
0,10,10,10.65,10.7,3,1,1537971572978
0,10,10,10.65,10.7,4,1,1537971583784
0,10,10,10.65,10.7,5,1,1537971629650
0,10,10,10.65,10.7,5,21,1537971647498
0,10,10,10.65,10.7,5,22,1537971647523
0,3,10,10.65,10.7,2,22,1537971649355
0,19,10,10.65,10.7,2,22,1537971649355
0,12,10,10.65,10.7,2,22,1537971649355
0,2,10,10.65,10.7,1,22,1537971649355
0,12,19,10.6,10.65,2,2,1537971649355
0,12,10,10.65,10.7,1,22,1537971649355
0,12,10,10.6,10.7,2,22,1537971649355
0,12,12,10.6,10.65,2,3,1537971649355
0,12,12,10.6,10.65,1,3,1537971649355
0,12,12,10.6,10.65,1,4,1537971649356
0,12,12,10.6,10.65,1,5,1537971649356
0,12,12,10.6,10.65,1,4,1537971649357
0,10,12,10.6,10.65,1,2,1537971649358
0,10,12,10.6,10.65,1,3,1537971649358
0,10,19,10.6,10.65,1,1,1537971649415
0,15,19,10.6,10.65,1,1,1537971649436
0,15,12,10.6,10.65,1,2,1537971649439
0,15,2,10.6,10.65,1,1,1537971649455
0,18,2,10.6,10.65,2,1,1537971649502
0,2,2,10.6,10.65,1,1,1537971650222
0,12,2,10.6,10.65,1,1,1537971650222
0,10,2,10.55,10.65,1,1,1537971650223
0,11,18,10.5,10.65,1,2,1537971650223
0,10,18,10.55,10.65,1,2,1537971650223
0,2,18,10.55,10.65,1,3,1537971650223
0,11,18,10.5,10.65,1,3,1537971650223
0,15,12,10.55,10.6,1,1,1537971650223
0,15,18,10.55,10.65,1,3,1537971650223
0,15,12,10.55,10.6,1,2,1537971650223
0,2,12,10.5,10.6,1,2,1537971650223
0,2,12,10.5,10.6,1,2,1537971650224
0,15,12,10.5,10.6,1,2,1537971650224
0,15,12,10.5,10.6,1,2,1537971650224
0,19,12,10.45,10.6,1,2,1537971650224
0,10,12,10.55,10.6,1,2,1537971650225
0,10,18,10.55,10.6,1,3,1537971650225
0,10,18,10.55,10.6,1,1,1537971650226
0,10,12,10.55,10.6,1,1,1537971650226
0,2,15,10.55,10.6,1,2,1537971650226
0,10,15,10.55,10.6,1,2,1537971650226
0,2,10,10.55,10.6,1,2,1537971650226
0,2,18,10.55,10.6,1,1,1537971650227
0,15,18,10.55,10.6,1,1,1537971650253
0,19,18,10.45,10.6,1,1,1537971650258
0,10,18,10.55,10.6,1,1,1537971650259
0,10,12,10.55,10.6,1,1,1537971650323
0,10,15,10.55,10.6,1,1,1537971650323
0,10,2,10.55,10.65,1,3,1537971650324
0,2,2,10.55,10.65,1,3,1537971650339
0,15,2,10.55,10.65,1,3,1537971650340
0,15,15,10.55,10.65,1,1,1537971650591
0,15,2,10.55,10.65,1,2,1537971650591
0,15,12,10.55,10.6,1,1,1537971650591
0,19,12,10.45,10.6,1,1,1537971650592
0,19,2,10.45,10.6,1,2,1537971650592
0,19,2,10.45,10.6,1,4,1537971650592
0,19,2,10.45,10.6,1,3,1537971650592
0,19,8,10.45,10.5,1,7,1537971650601
0,15,8,10.45,10.5,1,7,1537971650602
0,2,8,10.4,10.5,1,7,1537971650602
0,2,8,10.4,10.5,1,9,1537971650602
0,19,8,10.35,10.5,1,9,1537971650602
0,19,8,10.35,10.5,1,9,1537971650603
0,15,8,10.4,10.5,1,9,1537971650603
0,2,19,10.35,10.45,1,1,1537971650603
0,19,19,10.35,10.45,1,1,1537971650604
0,19,2,10.35,10.45,1,2,1537971650604
0,2,2,10.35,10.45,1,2,1537971650606
0,10,19,10.3,10.45,5,1,1537971650606
0,15,19,10.35,10.45,1,1,1537971650606
0,15,15,10.35,10.45,1,1,1537971650606
0,10,18,10.3,10.45,5,1,1537971650629
0,10,2,10.3,10.45,5,1,1537971650652
0,10,2,10.3,10.45,5,1,1537971650652
0,10,15,10.3,10.45,5,1,1537971650652
0,10,2,10.3,10.45,5,2,1537971650653
0,10,18,10.3,10.45,5,1,1537971650720
0,10,18,10.3,10.45,5,4,1537971650720
0,10,18,10.3,10.45,5,3,1537971650720
0,15,18,10.3,10.45,1,4,1537971651102
0,12,18,10.25,10.45,1,4,1537971651103
0,15,18,10.25,10.45,1,4,1537971651400
0,15,2,10.25,10.4,1,1,1537971652554
0,19,2,10.25,10.4,1,1,1537971652554
0,10,2,10.25,10.4,2,1,1537971654509
0,10,18,10.25,10.4,2,3,1537971660507
0,10,2,10.25,10.4,2,1,1537971665507
0,10,10,10.25,10.4,2,3,1537971665508
0,10,10,10.25,10.4,2,4,1537971667129
0,19,10,10.25,10.4,1,4,1537971669506
0,12,10,10.25,10.4,1,4,1537971669506
0,12,10,10.25,10.4,1,2,1537971669507
0,8,10,10.3,10.4,1,2,1537971696069
0,2,10,10.3,10.4,1,2,1537971698673
0,2,10,10.3,10.4,1,3,1537971717194
0,10,10,10.3,10.4,2,3,1537971852421
0,10,10,10.3,10.4,2,5,1537971902140
0,10,10,10.3,10.4,2,4,1537971902140
0,2,10,10.3,10.4,1,5,1537971961238
0,2,10,10.3,10.4,1,4,1537971969705
0,2,10,10.3,10.4,1,5,1537971974824
0,10,10,10.3,10.4,2,5,1537972025728
0,11,10,10.3,10.4,2,5,1537972190201
0,10,10,10.3,10.4,3,5,1537972438761
0,10,10,10.3,10.4,3,3,1537972512297
0,10,10,10.3,10.4,3,4,1537972512297
0,10,10,10.3,10.4,3,4,1537972517447
0,10,12,10.3,10.35,3,1,1537972519860
0,10,10,10.3,10.35,3,2,1537972519861
0,10,10,10.3,10.35,3,4,1537972519862
0,10,10,10.3,10.35,3,5,1537972519894
0,10,10,10.3,10.35,3,6,1537972521086
0,10,10,10.3,10.35,3,4,1537972523886
0,11,10,10.3,10.35,2,4,1537972523887
0,11,10,10.3,10.35,2,3,1537972523914
0,11,2,10.3,10.35,2,4,1537972554117
0,12,2,10.25,10.35,5,4,1537972737283
0,12,19,10.25,10.3,5,1,1537972737284
0,12,12,10.25,10.3,5,2,1537972737284
0,12,19,10.25,10.3,4,1,1537972737284
0,12,19,10.25,10.3,5,1,1537972737284
0,12,10,10.25,10.3,4,4,1537972737284
0,12,10,10.25,10.3,4,3,1537972737284
0,12,10,10.25,10.3,4,3,1537972737287
0,12,10,10.25,10.3,3,3,1537972737299
0,2,10,10.25,10.3,2,3,1537972737299
0,2,18,10.25,10.3,2,3,1537972737342
0,12,18,10.25,10.3,2,3,1537972737343
0,2,18,10.25,10.3,2,3,1537972737344
0,2,10,10.25,10.3,2,4,1537972737388
0,12,10,10.25,10.3,2,4,1537972737403
0,3,10,10.25,10.3,1,4,1537972740146
0,18,10,10.25,10.3,1,4,1537972740146
0,10,10,10.25,10.3,2,4,1537972741084
0,10,10,10.25,10.3,2,3,1537972802140
0,10,10,10.25,10.3,2,5,1537972861314
0,10,15,10.25,10.3,2,1,1537972869202
0,10,12,10.25,10.35,2,1,1537972869203
0,10,18,10.25,10.3,2,2,1537972869203
0,10,2,10.25,10.35,2,1,1537972869204
0,10,12,10.25,10.35,2,1,1537972869204
0,10,2,10.25,10.35,2,1,1537972869204
0,12,2,10.3,10.35,1,1,1537972869204
0,2,2,10.25,10.35,2,1,1537972869204
0,12,10,10.3,10.3,1,2,1537972869204
0,12,12,10.3,10.35,1,1,1537972869205
0,12,2,10.25,10.35,3,1,1537972869205
0,10,2,10.3,10.35,1,1,1537972869205
0,12,12,10.25,10.35,3,1,1537972869209
0,12,18,10.25,10.35,2,2,1537972869341
0,12,10,10.25,10.35,2,1,1537972869341
0,12,2,10.25,10.35,2,2,1537972889450
0,12,10,10.25,10.35,2,3,1537972933207
0,12,10,10.25,10.35,2,4,1537972998032
0,12,10,10.25,10.35,2,3,1537973025196
0,15,10,10.25,10.35,2,3,1537973175452
0,10,10,10.3,10.35,1,3,1537973197372
0,10,12,10.3,10.35,1,2,1537973197373
0,15,12,10.3,10.35,1,2,1537973197376
0,15,11,10.3,10.35,1,1,1537973197804
0,10,11,10.3,10.35,2,1,1537973207733
0,10,12,10.3,10.35,2,1,1537973246036
0,10,2,10.3,10.4,2,1,1537973246037
0,10,11,10.3,10.4,2,2,1537973246037
0,19,11,10.35,10.4,1,2,1537973246038
0,12,11,10.35,10.4,1,2,1537973246038
0,19,18,10.35,10.4,1,1,1537973254106
0,19,11,10.35,10.4,1,1,1537973265202
0,10,11,10.35,10.4,2,1,1537973270583
0,10,12,10.35,10.45,2,1,1537973271443
0,10,2,10.35,10.4,2,1,1537973271443
0,10,11,10.35,10.45,2,2,1537973271443
0,12,11,10.4,10.45,1,2,1537973274961
0,19,11,10.4,10.45,1,2,1537973275901
0,19,18,10.4,10.45,1,2,1537973276626
0,19,11,10.4,10.45,1,2,1537973276676
0,19,18,10.4,10.45,1,2,1537973283669
0,10,18,10.4,10.45,1,2,1537973283670
0,10,18,10.4,10.45,1,4,1537973283999
0,10,18,10.4,10.45,1,2,1537973284000
0,11,10,10.4,10.45,1,3,1537973284000
0,10,15,10.4,10.45,1,1,1537973284000
0,19,10,10.4,10.45,1,3,1537973284040
0,10,10,10.4,10.45,1,3,1537973284040
0,19,19,10.35,10.4,1,1,1537973284040
0,19,10,10.35,10.45,1,3,1537973284040
0,12,19,10.3,10.4,1,1,1537973284041
0,19,12,10.3,10.4,2,2,1537973284041
0,19,19,10.3,10.4,2,1,1537973284041
0,19,12,10.3,10.4,2,5,1537973284043
0,19,12,10.3,10.4,2,4,1537973284101
0,19,18,10.3,10.4,2,3,1537973285015
0,2,18,10.3,10.4,1,3,1537973286887
0,17,18,10.3,10.4,2,3,1537973290690
0,17,18,10.3,10.4,2,2,1537973318380
0,10,18,10.3,10.4,3,2,1537973346342
0,10,18,10.3,10.4,4,2,1537973346342
0,10,10,10.3,10.4,4,3,1537973402140
0,10,10,10.3,10.4,5,3,1537973467124
0,10,10,10.3,10.4,5,4,1537973496165
0,10,10,10.3,10.4,5,3,1537973496165
0,10,11,10.3,10.4,5,2,1537973516281
0,10,10,10.3,10.4,5,2,1537973519688
0,18,8,10.35,10.45,1,2,1537973519696
0,10,8,10.3,10.45,5,2,1537973519696
0,2,8,10.35,10.45,1,2,1537973519696
0,18,12,10.35,10.45,1,1,1537973519697
0,2,12,10.35,10.45,1,1,1537973519697
0,12,2,10.35,10.45,2,1,1537973519711
0,2,2,10.35,10.45,1,1,1537973519711
0,12,11,10.35,10.45,2,1,1537973519741
0,11,11,10.35,10.45,1,1,1537973519852
0,11,11,10.35,10.45,2,1,1537973520035
0,11,11,10.35,10.45,3,1,1537973527211
0,10,11,10.35,10.45,4,1,1537973552518
0,10,11,10.35,10.45,4,2,1537973561107
0,10,11,10.35,10.45,4,3,1537973636165
0,10,2,10.35,10.45,4,2,1537973756309
0,10,11,10.35,10.45,4,2,1537973843278
0,10,2,10.35,10.45,4,2,1537973887000
0,10,10,10.35,10.45,4,2,1537973888672
0,10,10,10.35,10.45,4,3,1537973892141
0,11,10,10.35,10.45,7,3,1537974010788
0,11,11,10.35,10.45,7,3,1537974158533
0,11,11,10.35,10.45,7,4,1537974215215
0,10,11,10.35,10.45,3,4,1537974234127
0,19,11,10.4,10.45,1,4,1537974234127
0,7,11,10.4,10.45,3,4,1537974234128
0,7,11,10.4,10.45,3,4,1537974241292
0,10,11,10.4,10.45,4,4,1537974241292
0,7,10,10.4,10.45,3,4,1537974354508
0,10,10,10.4,10.45,3,4,1537974354509
0,15,11,10.4,10.45,1,4,1537974354509
0,12,11,10.4,10.45,2,4,1537974354509
0,15,12,10.4,10.45,1,5,1537974354509
0,8,12,10.4,10.45,1,5,1537974354509
0,15,12,10.4,10.45,1,5,1537974354509
0,12,12,10.35,10.45,2,7,1537974354509
0,15,12,10.4,10.45,1,7,1537974354509
0,12,12,10.35,10.45,2,7,1537974354510
0,12,12,10.35,10.45,2,5,1537974354510
0,10,12,10.35,10.45,1,7,1537974354510
0,10,8,10.35,10.4,1,1,1537974354510
0,11,8,10.35,10.4,1,1,1537974354510
0,11,19,10.35,10.4,1,1,1537974354511
0,12,19,10.35,10.4,2,1,1537974354511
0,11,19,10.35,10.4,1,1,1537974354511
0,11,12,10.35,10.4,1,2,1537974354511
0,11,2,10.35,10.4,1,2,1537974354511
0,11,10,10.35,10.4,1,3,1537974354513
0,11,10,10.35,10.4,1,6,1537974354514
0,11,10,10.35,10.4,1,5,1537974354514
0,11,10,10.35,10.4,1,4,1537974354514
0,11,10,10.35,10.4,1,5,1537974354555
0,11,10,10.35,10.4,1,4,1537974354884
0,11,10,10.35,10.4,2,4,1537974356081
0,12,10,10.35,10.4,4,4,1537974356082
0,11,10,10.35,10.4,2,4,1537974356082
0,11,10,10.35,10.4,2,3,1537974356703
0,11,10,10.35,10.4,2,2,1537974356703
0,2,10,10.35,10.4,3,2,1537974356706
0,10,10,10.35,10.4,2,2,1537974357040
0,10,8,10.35,10.4,2,5,1537974357124
0,11,8,10.35,10.4,2,5,1537974357133
0,11,10,10.35,10.4,2,3,1537974357666
0,11,10,10.35,10.4,2,4,1537974510710
0,11,10,10.35,10.4,2,3,1537974616665
0,11,10,10.35,10.4,2,4,1537974621815
0,2,10,10.35,10.4,2,4,1537974646977
0,15,10,10.35,10.4,1,4,1537974661010
0,18,10,10.35,10.4,1,4,1537974661012
0,10,10,10.35,10.4,2,4,1537974675919
0,15,10,10.35,10.4,1,4,1537974807976
0,2,10,10.35,10.4,1,4,1537974807976
0,10,10,10.35,10.4,1,4,1537974807977
0,12,10,10.3,10.4,3,4,1537974807978
0,12,12,10.3,10.35,3,2,1537974807979
0,12,11,10.3,10.35,3,1,1537974807979
0,12,11,10.3,10.35,3,1,1537974807979
0,12,12,10.3,10.35,3,2,1537974807979
0,12,18,10.3,10.35,3,3,1537974807980
0,12,12,10.3,10.35,3,2,1537974807981
0,12,10,10.3,10.35,3,4,1537974807981
0,12,10,10.3,10.35,2,4,1537974807982
0,10,10,10.3,10.35,3,4,1537974807995
0,10,10,10.3,10.35,3,6,1537974808010
0,10,10,10.3,10.35,3,5,1537974808010
0,10,10,10.3,10.35,3,4,1537974808354
0,10,10,10.3,10.35,2,4,1537974808354
0,10,8,10.3,10.35,2,5,1537974812604
0,10,10,10.3,10.35,2,4,1537974813123
0,19,10,10.3,10.35,3,4,1537974813617
0,10,10,10.3,10.35,2,4,1537974813617
0,10,10,10.3,10.35,3,4,1537974813618
0,10,10,10.3,10.35,3,3,1537974813620
0,10,10,10.3,10.35,3,2,1537974813621
0,10,19,10.3,10.35,3,1,1537974813624
0,10,8,10.3,10.35,3,2,1537974816003
0,10,8,10.3,10.35,4,2,1537974818091
0,10,8,10.3,10.35,4,5,1537974822614
0,10,10,10.3,10.35,4,3,1537974912726
0,10,8,10.3,10.35,4,4,1537974912736
0,10,8,10.3,10.35,4,5,1537974950397
0,10,8,10.3,10.35,4,5,1537974950397
0,10,8,10.3,10.35,4,6,1537974950397
0,10,8,10.3,10.35,4,6,1537975077958
0,10,8,10.3,10.35,6,6,1537975092173
0,10,8,10.3,10.35,5,6,1537975092173
0,10,8,10.3,10.35,6,5,1537975168078
0,10,8,10.3,10.35,6,6,1537975333295
0,10,8,10.3,10.35,7,6,1537975345367
0,10,8,10.3,10.35,7,5,1537975423419
0,12,8,10.3,10.35,6,5,1537975510384
0,12,8,10.3,10.35,5,5,1537975510387
0,8,8,10.3,10.35,2,5,1537975510387
0,8,8,10.3,10.35,3,5,1537975510387
0,17,8,10.3,10.35,1,5,1537975510387
0,17,8,10.3,10.35,1,7,1537975510387
0,17,8,10.3,10.35,1,6,1537975510387
0,19,11,10.25,10.3,3,1,1537975510387
0,17,11,10.3,10.3,1,1,1537975510387
0,12,11,10.25,10.3,2,1,1537975510388
0,19,11,10.25,10.3,2,2,1537975510388
0,19,11,10.25,10.3,2,1,1537975510388
0,12,11,10.25,10.3,2,2,1537975510388
0,19,11,10.25,10.3,2,2,1537975510388
0,19,15,10.25,10.3,2,3,1537975510388
0,19,10,10.25,10.3,2,7,1537975510389
0,19,15,10.25,10.3,2,3,1537975510390
0,19,10,10.25,10.3,2,6,1537975510390
0,12,15,10.25,10.3,2,3,1537975510395
0,2,15,10.25,10.3,2,3,1537975510399
0,2,2,10.25,10.3,2,4,1537975510399
0,11,15,10.25,10.3,1,4,1537975510402
0,19,15,10.25,10.3,1,4,1537975510420
0,10,15,10.25,10.3,1,4,1537975510420
0,15,15,10.25,10.3,1,4,1537975510420
0,12,2,10.2,10.3,2,4,1537975510421
0,12,2,10.2,10.3,2,4,1537975510430
0,12,12,10.2,10.25,2,2,1537975510430
0,12,10,10.2,10.25,2,1,1537975510432
0,12,10,10.2,10.25,2,2,1537975510433
0,2,10,10.2,10.25,2,2,1537975510488
0,2,10,10.2,10.25,2,4,1537975510495
0,2,10,10.2,10.25,2,4,1537975513591
0,2,18,10.2,10.25,2,5,1537975513591
0,10,10,10.2,10.25,2,4,1537975513591
0,10,18,10.2,10.25,2,4,1537975514130
0,10,18,10.2,10.25,3,4,1537975514881
0,10,18,10.2,10.25,3,3,1537975515102
0,10,8,10.2,10.25,3,2,1537975520510
0,12,10,10.2,10.25,3,4,1537975520511
0,12,8,10.2,10.25,3,5,1537975521914
0,12,8,10.2,10.25,3,7,1537975563120
0,12,8,10.2,10.25,3,6,1537975563120
0,12,8,10.2,10.25,3,6,1537975563120
0,12,8,10.2,10.25,3,7,1537975603701
0,12,8,10.2,10.25,3,6,1537975678803
0,10,8,10.2,10.25,3,6,1537975678811
0,10,10,10.2,10.25,3,4,1537975686231
0,12,10,10.2,10.25,3,3,1537975696155
0,10,10,10.2,10.25,3,3,1537975696547
0,12,10,10.2,10.25,4,3,1537975716848
0,10,10,10.2,10.25,3,3,1537975720070
0,12,8,10.2,10.25,4,2,1537975780111
0,12,8,10.2,10.25,3,2,1537975780111
0,12,2,10.2,10.3,4,3,1537975780112
0,12,10,10.2,10.3,4,4,1537975780112
0,19,10,10.25,10.3,2,4,1537975780112
0,11,10,10.25,10.3,1,4,1537975780112
0,18,10,10.25,10.3,2,4,1537975780112
0,11,10,10.25,10.3,1,4,1537975780112
0,12,10,10.25,10.3,4,4,1537975780112
0,12,10,10.25,10.3,2,4,1537975780112
0,10,10,10.25,10.3,2,4,1537975780112
0,12,10,10.25,10.3,2,4,1537975780113
0,10,10,10.25,10.3,2,4,1537975780126
0,19,10,10.25,10.3,1,4,1537975780127
0,10,10,10.25,10.3,1,4,1537975780132
0,10,18,10.25,10.3,1,5,1537975780183
0,19,18,10.25,10.3,1,5,1537975780199
0,19,10,10.25,10.3,1,4,1537975780380
0,10,10,10.25,10.3,1,4,1537975780702
0,10,10,10.25,10.3,2,4,1537975783340
0,18,18,10.25,10.3,2,3,1537975791392
0,10,18,10.25,10.3,3,3,1537975791589
0,18,18,10.25,10.3,2,3,1537975833357
0,10,2,10.25,10.3,2,3,1537975835929
0,10,18,10.25,10.3,2,2,1537975835930
0,10,18,10.25,10.3,2,2,1537975837422
0,19,18,10.25,10.3,3,2,1537975837422
0,10,18,10.25,10.3,3,2,1537975837423
0,10,2,10.25,10.3,3,2,1537975839745
0,10,18,10.25,10.3,3,2,1537975875391
0,10,2,10.25,10.3,3,3,1537975875391
0,10,18,10.25,10.3,3,2,1537975875862
0,10,8,10.25,10.3,3,2,1537976012209
0,10,18,10.25,10.3,3,2,1537976129422
0,10,8,10.25,10.3,3,2,1537976196931
0,10,12,10.25,10.3,3,2,1537976197009
0,10,8,10.25,10.3,3,2,1537976202043
0,10,8,10.25,10.3,5,2,1537976298624
0,10,8,10.25,10.3,4,2,1537976298624
0,10,19,10.25,10.3,5,1,1537976324708
0,10,18,10.25,10.3,5,1,1537976420527
0,10,11,10.25,10.3,5,1,1537976438134
0,10,15,10.25,10.3,5,1,1537976438134
0,10,10,10.25,10.3,5,1,1537976438135
0,10,18,10.25,10.3,5,1,1537976438161
0,10,8,10.25,10.3,5,1,1537976561719
0,10,12,10.25,10.3,5,2,1537976561721
0,10,8,10.25,10.3,5,1,1537976563165
0,10,18,10.25,10.3,5,2,1537976595154
0,10,2,10.25,10.3,5,1,1537976620033
0,10,10,10.25,10.3,5,1,1537976620033
0,10,10,10.25,10.35,5,5,1537976620033
0,10,10,10.25,10.35,5,4,1537976620033
0,10,19,10.25,10.35,5,5,1537976620036
0,10,10,10.25,10.35,5,4,1537976620227
0,10,10,10.3,10.35,1,4,1537976620228
0,10,10,10.25,10.35,6,4,1537976620228
0,10,10,10.25,10.35,5,4,1537976620229
0,10,10,10.25,10.35,7,4,1537976620229
0,15,10,10.3,10.35,1,4,1537976620229
0,18,10,10.3,10.35,1,4,1537976620229
0,19,10,10.3,10.35,1,4,1537976620262
0,11,10,10.3,10.35,1,4,1537976622155
0,10,10,10.3,10.35,2,4,1537976623364
0,10,2,10.3,10.35,2,2,1537976632599
0,10,10,10.3,10.35,2,3,1537976632599
0,10,10,10.3,10.35,2,2,1537976632620
0,10,2,10.3,10.35,3,2,1537976641288
0,18,2,10.3,10.35,4,2,1537976643124
0,10,2,10.3,10.35,3,2,1537976661188
0,10,10,10.3,10.35,3,2,1537976661210
0,10,2,10.3,10.35,3,3,1537976669839
0,10,2,10.3,10.35,2,3,1537976669853
0,11,2,10.3,10.35,1,3,1537976673075
0,11,2,10.3,10.35,1,4,1537976673605
0,15,2,10.25,10.35,3,4,1537976677971
0,15,11,10.25,10.3,3,1,1537976677972
0,12,19,10.25,10.3,2,2,1537976677972
0,15,19,10.25,10.3,3,2,1537976677972
0,15,19,10.25,10.35,3,5,1537976677972
0,15,19,10.25,10.3,2,2,1537976677973
0,15,10,10.25,10.3,2,2,1537976677974
0,15,2,10.25,10.3,2,3,1537976677979
0,15,10,10.25,10.3,2,2,1537976679013
0,15,2,10.25,10.3,2,2,1537976679915
0,10,2,10.25,10.3,2,2,1537976680036
0,10,10,10.25,10.3,2,2,1537976707687
0,10,2,10.25,10.3,2,3,1537976707687
0,10,10,10.25,10.3,2,2,1537976714721
0,10,8,10.25,10.3,2,3,1537976730256
0,10,10,10.25,10.3,2,2,1537976812525
0,8,18,10.25,10.3,2,2,1537976858221
0,11,18,10.25,10.3,3,2,1537977158497
0,11,8,10.25,10.3,3,2,1537977206814
0,11,18,10.25,10.3,3,3,1537977338338
0,11,19,10.25,10.3,3,6,1537977467086
0,11,19,10.25,10.3,5,6,1537977603589
0,11,19,10.25,10.3,4,6,1537977603589
0,11,19,10.25,10.3,4,6,1537977603589
0,11,19,10.25,10.3,3,6,1537977610460
0,11,19,10.25,10.3,4,6,1537977619620
0,11,19,10.25,10.3,3,6,1537977628642
0,11,19,10.25,10.3,3,5,1537977630072
0,10,19,10.25,10.3,3,5,1537977727841
0,11,19,10.25,10.3,3,5,1537977727842
0,11,10,10.25,10.3,3,6,1537977731660
0,11,19,10.25,10.3,3,5,1537977800943
0,11,10,10.25,10.3,3,6,1537977806033
0,11,10,10.25,10.3,4,6,1537977877145
0,11,10,10.25,10.3,4,7,1537977902140
0,11,10,10.25,10.3,4,6,1537978152111
0,11,19,10.25,10.3,4,5,1537978152134
0,11,10,10.25,10.3,4,6,1537978169779
0,11,19,10.25,10.3,4,5,1537978202139
0,11,19,10.25,10.3,3,5,1537978204480
0,11,10,10.25,10.3,3,6,1537978389691
0,17,10,10.25,10.3,6,6,1537978425444
0,17,19,10.25,10.3,6,5,1537978614101
0,17,12,10.25,10.3,6,6,1537979291813
0,17,19,10.25,10.3,6,5,1537979370025
0,17,12,10.25,10.3,6,5,1537979447578
0,17,19,10.25,10.3,6,5,1537979575282
0,17,10,10.25,10.3,6,6,1537979748047
0,17,19,10.25,10.3,6,5,1537979748053
0,10,19,10.25,10.3,8,5,1537979749967
0,10,12,10.25,10.3,8,4,1537979801690
0,10,12,10.25,10.3,8,5,1537979801690
0,10,12,10.25,10.3,8,3,1537979801690
0,10,12,10.25,10.3,8,2,1537979801690
0,10,12,10.25,10.3,8,2,1537979801690
0,10,19,10.25,10.3,8,1,1537979801690
0,10,19,10.25,10.3,8,5,1537979801690
0,10,19,10.25,10.3,8,4,1537979801690
0,10,19,10.25,10.3,8,6,1537979801691
0,10,19,10.25,10.3,8,3,1537979808737
0,10,19,10.25,10.3,8,7,1537979808738
0,10,19,10.25,10.3,10,7,1537979947618
0,10,19,10.25,10.3,9,7,1537979947618
0,10,19,10.25,10.3,10,5,1537979957001
0,10,19,10.25,10.3,10,7,1537979962156
0,10,19,10.25,10.3,9,7,1537979979553
0,10,19,10.25,10.3,10,7,1537980044803
0,10,19,10.25,10.3,11,7,1537980094594
0,10,19,10.25,10.3,11,6,1537980142365
0,10,19,10.25,10.3,11,5,1537980280865
0,10,8,10.25,10.3,11,4,1537980281065
0,10,19,10.25,10.3,11,3,1537980285052
0,10,8,10.25,10.3,11,3,1537980287043
0,10,19,10.25,10.3,11,5,1537980287043
0,10,19,10.25,10.3,11,3,1537980287046
0,17,19,10.25,10.3,6,3,1537980290108
0,17,12,10.25,10.3,6,1,1537980336967
0,17,19,10.25,10.35,6,2,1537980336968
0,11,19,10.3,10.35,1,2,1537980336968
0,12,19,10.3,10.35,2,2,1537980336968
0,12,19,10.3,10.35,2,2,1537980336968
0,17,19,10.25,10.35,6,2,1537980336968
0,12,19,10.3,10.35,2,2,1537980336968
0,12,19,10.3,10.35,4,2,1537980336968
0,2,19,10.3,10.35,1,2,1537980336968
0,2,19,10.3,10.35,2,2,1537980336968
0,2,19,10.3,10.35,1,2,1537980336968
0,17,19,10.25,10.35,6,2,1537980336968
0,11,11,10.3,10.35,1,3,1537980336968
0,17,11,10.25,10.35,6,3,1537980336968
0,10,11,10.25,10.35,6,3,1537980336968
0,17,11,10.25,10.35,6,3,1537980336968
0,12,11,10.3,10.35,2,3,1537980336968
0,11,11,10.3,10.35,1,3,1537980336968
0,12,12,10.3,10.35,4,4,1537980336968
0,12,11,10.3,10.35,4,3,1537980336968
0,10,12,10.3,10.35,1,4,1537980336968
0,12,12,10.3,10.35,2,4,1537980336968
0,10,12,10.3,10.35,1,5,1537980336968
0,18,12,10.25,10.35,5,5,1537980336968
0,10,12,10.3,10.35,2,5,1537980336968
0,10,12,10.3,10.35,1,5,1537980336968
0,11,12,10.3,10.35,1,4,1537980336968
0,11,12,10.3,10.35,1,5,1537980336968
0,12,12,10.3,10.35,2,4,1537980336968
0,10,12,10.3,10.35,1,4,1537980336968
0,12,12,10.3,10.35,4,4,1537980336969
0,12,12,10.3,10.35,2,4,1537980336969
0,19,12,10.3,10.35,1,4,1537980336969
0,10,12,10.3,10.35,1,4,1537980336969
0,19,12,10.3,10.35,1,4,1537980336969
0,11,12,10.3,10.35,5,4,1537980336969
0,10,12,10.25,10.35,5,4,1537980336969
0,15,12,10.3,10.35,1,4,1537980336969
0,10,12,10.3,10.35,1,4,1537980336969
0,18,12,10.25,10.35,5,4,1537980336969
0,18,12,10.25,10.35,5,4,1537980336969
0,2,12,10.3,10.35,1,4,1537980336969
0,10,12,10.3,10.35,2,4,1537980336969
0,10,12,10.3,10.35,1,4,1537980336969
0,10,12,10.3,10.35,2,4,1537980336969
0,19,12,10.3,10.35,6,4,1537980336969
0,10,12,10.3,10.35,5,4,1537980336970
0,12,12,10.3,10.35,6,4,1537980336970
0,10,12,10.3,10.35,9,4,1537980336972
0,10,12,10.3,10.35,8,4,1537980336972
0,10,19,10.3,10.35,9,7,1537980336973
0,10,19,10.3,10.35,10,7,1537980337071
0,10,19,10.3,10.35,9,7,1537980337071
0,10,19,10.3,10.35,10,7,1537980339861
0,10,19,10.3,10.35,9,7,1537980345480
0,10,19,10.3,10.35,8,7,1537980345481
0,12,19,10.3,10.35,7,7,1537980363367
0,10,19,10.3,10.35,8,7,1537980372784
0,10,19,10.3,10.35,8,9,1537980389155
0,10,19,10.3,10.35,8,10,1537980389155
0,10,19,10.3,10.35,8,9,1537980389155
0,12,19,10.3,10.35,7,9,1537980406434
0,10,19,10.3,10.35,7,9,1537980422872
0,10,19,10.3,10.35,8,9,1537980422873
0,10,19,10.3,10.35,9,9,1537980468085
0,10,19,10.3,10.35,9,8,1537980525443
0,10,19,10.3,10.35,9,9,1537980525753
0,10,19,10.3,10.35,9,8,1537980587425
0,10,19,10.3,10.35,9,7,1537980589027
0,10,19,10.3,10.35,9,6,1537980672021
0,10,19,10.3,10.35,9,3,1537980672021
0,10,19,10.3,10.35,9,5,1537980672021
0,10,19,10.3,10.35,9,4,1537980672021
0,10,19,10.3,10.35,9,4,1537980672021
0,10,19,10.3,10.35,9,6,1537980672057
0,10,19,10.3,10.35,9,6,1537980672057
0,10,19,10.3,10.35,9,7,1537980672057
0,10,19,10.3,10.35,9,7,1537980672057
0,10,19,10.3,10.35,9,6,1537980672504
0,10,19,10.3,10.35,9,2,1537980683128
0,10,19,10.3,10.35,9,3,1537980683128
0,10,19,10.35,10.35,2,2,1537980684561
0,10,19,10.35,10.35,2,6,1537980684562
0,10,19,10.35,10.35,2,5,1537980684562
0,10,19,10.35,10.35,2,7,1537980684562
0,10,19,10.3,10.35,11,6,1537980684563
0,10,19,10.35,10.35,2,6,1537980684563
0,10,19,10.3,10.35,9,6,1537980684563
0,10,19,10.35,10.35,1,6,1537980684563
0,10,19,10.3,10.35,9,7,1537980684563
0,10,19,10.3,10.35,9,3,1537980684564
0,10,10,10.3,10.35,9,5,1537980684570
0,10,12,10.3,10.35,9,6,1537980684571
0,10,19,10.3,10.35,9,19,1537980684572
0,10,19,10.3,10.35,9,20,1537980684572
0,10,19,10.3,10.35,9,19,1537980684572
0,10,19,10.3,10.35,9,17,1537980874637
0,10,19,10.3,10.35,9,19,1537980874638
0,10,19,10.3,10.35,9,18,1537980882473
0,10,19,10.3,10.35,9,9,1537980891606
0,10,17,10.3,10.35,9,6,1537980897334
0,10,17,10.3,10.35,9,5,1537980897380
0,10,17,10.3,10.35,9,4,1537980906099
0,10,17,10.3,10.35,8,4,1537980909611
0,10,17,10.3,10.35,9,4,1537980915753
0,10,17,10.3,10.35,9,3,1537980928182
0,10,17,10.3,10.35,9,1,1537980928236
0,10,17,10.3,10.35,9,2,1537980928236
0,10,10,10.3,10.4,9,1,1537980928244
0,10,11,10.3,10.4,9,3,1537980928245
0,11,11,10.35,10.4,1,3,1537980928245
0,12,11,10.35,10.4,2,3,1537980928245
0,17,11,10.35,10.4,2,3,1537980928245
0,18,11,10.35,10.4,2,3,1537980928245
0,10,11,10.35,10.4,4,3,1537980928245
0,10,11,10.35,10.4,3,3,1537980928245
0,12,11,10.35,10.4,4,3,1537980928245
0,10,11,10.35,10.4,3,3,1537980928245
0,10,11,10.35,10.4,4,3,1537980928246
0,8,11,10.35,10.4,6,3,1537980928246
0,10,11,10.35,10.4,3,3,1537980928246
0,8,11,10.35,10.4,6,3,1537980928347
0,10,11,10.35,10.4,7,3,1537980928347
0,8,19,10.35,10.4,6,3,1537980928348
0,10,19,10.35,10.4,7,3,1537980928944
0,10,10,10.35,10.4,7,2,1537980939707
0,8,10,10.35,10.4,8,2,1537980942700
0,8,11,10.35,10.4,8,3,1537980943417
0,8,19,10.35,10.4,8,2,1537980943417
0,8,11,10.35,10.4,8,1,1537980943425
0,8,19,10.35,10.4,8,2,1537980943425
0,8,12,10.35,10.45,8,2,1537980944822
0,8,19,10.35,10.4,8,1,1537980944822
0,8,10,10.35,10.45,8,3,1537980944822
0,10,10,10.35,10.45,12,3,1537980944896
0,11,19,10.4,10.45,1,3,1537980949406
0,11,10,10.4,10.45,1,3,1537980949406
0,19,10,10.4,10.45,6,3,1537980949406
0,11,10,10.4,10.45,1,3,1537980949406
0,19,10,10.4,10.45,7,3,1537980949406
0,19,19,10.4,10.45,7,2,1537980962147
0,19,2,10.4,10.45,7,3,1537981028842
0,19,10,10.4,10.45,7,3,1537981045382
0,19,10,10.4,10.45,8,3,1537981083795
0,19,10,10.4,10.45,9,3,1537981083796
0,19,10,10.4,10.45,8,3,1537981083796
0,19,19,10.4,10.45,8,2,1537981202140
0,19,19,10.4,10.45,8,1,1537981254263
0,19,8,10.4,10.45,8,1,1537981254263
0,19,11,10.45,10.5,1,22,1537981256224
0,19,11,10.4,10.5,8,22,1537981256224
0,10,11,10.45,10.5,2,22,1537981256225
0,10,11,10.45,10.5,1,22,1537981256225
0,12,11,10.45,10.5,2,22,1537981256225
0,10,11,10.45,10.5,1,22,1537981256225
0,12,11,10.45,10.5,2,22,1537981256225
0,12,11,10.45,10.5,4,22,1537981256225
0,10,11,10.45,10.5,2,22,1537981256225
0,10,11,10.45,10.5,1,22,1537981256225
0,12,11,10.45,10.5,5,22,1537981256225
0,10,11,10.45,10.5,10,22,1537981259952
0,10,11,10.45,10.5,9,22,1537981290609
0,10,11,10.45,10.5,11,22,1537981546578
0,10,11,10.45,10.5,11,20,1537981765883
0,10,12,10.45,10.5,11,2,1537981834296
0,10,8,10.45,10.5,11,2,1537981834297
0,10,19,10.45,10.5,11,1,1537981834297
0,10,12,10.45,10.5,11,1,1537981834297
0,11,12,10.5,10.55,1,2,1537981834297
0,10,12,10.45,10.55,11,2,1537981834297
0,12,12,10.5,10.55,4,2,1537981834297
0,12,12,10.5,10.55,2,2,1537981834297
0,12,12,10.5,10.55,2,3,1537981834297
0,12,12,10.5,10.55,2,2,1537981834297
0,11,12,10.5,10.55,1,3,1537981834297
0,10,12,10.5,10.55,2,3,1537981834297
0,10,12,10.5,10.55,3,3,1537981834297
0,19,12,10.5,10.55,1,3,1537981834298
0,10,12,10.5,10.55,2,3,1537981834300
0,10,12,10.5,10.55,4,3,1537981834301
0,10,12,10.5,10.55,6,3,1537981834302
0,10,12,10.5,10.55,6,2,1537981834302
0,10,12,10.5,10.55,7,2,1537981834401
0,10,12,10.5,10.55,6,2,1537981834401
0,10,19,10.5,10.55,6,1,1537981836272
0,10,11,10.5,10.6,6,2,1537981836276
0,10,12,10.5,10.55,6,1,1537981836276
0,10,12,10.5,10.6,6,4,1537981836277
0,11,12,10.55,10.6,1,4,1537981836279
0,12,12,10.55,10.6,4,4,1537981836279
0,12,12,10.55,10.6,2,4,1537981836279
0,12,12,10.55,10.6,2,4,1537981836279
0,18,12,10.55,10.6,2,4,1537981836279
0,11,12,10.55,10.6,1,4,1537981836279
0,12,12,10.55,10.6,2,4,1537981836279
0,12,12,10.55,10.6,4,4,1537981836279
0,2,12,10.55,10.6,2,4,1537981836279
0,2,12,10.55,10.6,3,4,1537981836279
0,2,12,10.55,10.6,2,4,1537981836279
0,10,12,10.55,10.6,2,4,1537981836279
0,10,12,10.55,10.6,2,5,1537981836280
0,10,12,10.55,10.6,3,5,1537981836280
0,10,12,10.55,10.6,3,4,1537981836282
0,10,12,10.55,10.6,5,4,1537981836282
0,10,12,10.55,10.6,6,4,1537981836283
0,10,12,10.55,10.6,5,4,1537981836283
0,10,11,10.55,10.6,5,3,1537981836343
0,10,12,10.55,10.6,5,3,1537981836343
0,10,12,10.55,10.6,5,3,1537981836379
0,10,12,10.55,10.6,6,3,1537981836379
0,10,12,10.55,10.65,5,2,1537981837273
0,10,12,10.55,10.6,5,1,1537981837273
0,18,10,10.6,10.6,1,1,1537981837274
0,10,10,10.55,10.6,5,1,1537981837274
0,12,10,10.6,10.6,4,1,1537981837274
0,12,10,10.6,10.6,2,1,1537981837274
0,2,10,10.6,10.6,1,1,1537981837274
0,12,10,10.6,10.6,2,1,1537981837274
0,12,10,10.6,10.6,4,1,1537981837274
0,12,10,10.6,10.6,2,1,1537981837274
0,10,10,10.55,10.6,4,1,1537981837274
0,12,10,10.6,10.6,2,1,1537981837274
0,2,10,10.6,10.6,2,1,1537981837274
0,2,10,10.6,10.6,1,1,1537981837274
0,2,10,10.6,10.6,1,1,1537981837274
0,10,10,10.55,10.6,4,1,1537981837274
0,2,12,10.55,10.65,2,4,1537981837275
0,10,12,10.55,10.65,4,4,1537981837275
0,10,12,10.6,10.65,2,4,1537981837276
0,10,12,10.6,10.65,1,4,1537981837276
0,10,12,10.6,10.65,4,4,1537981837278
0,10,12,10.6,10.65,4,3,1537981837279
0,10,12,10.6,10.65,4,2,1537981837297
0,10,12,10.6,10.65,5,2,1537981837379
0,10,12,10.6,10.65,5,2,1537981837379
0,10,12,10.6,10.65,4,2,1537981837379
0,10,12,10.6,10.65,4,2,1537981837379
0,10,12,10.6,10.65,4,1,1537981839274
0,10,10,10.6,10.7,4,20,1537981844783
0,2,10,10.6,10.7,5,20,1537981844783
0,11,10,10.65,10.7,1,20,1537981844784
0,10,10,10.65,10.7,1,20,1537981844790
0,11,10,10.65,10.7,1,20,1537981844885
0,10,10,10.65,10.7,2,20,1537981844885
0,18,10,10.65,10.7,1,20,1537981844886
0,10,10,10.65,10.7,1,20,1537981846784
0,18,10,10.65,10.7,1,20,1537981848118
0,10,10,10.65,10.7,2,20,1537981849061
0,18,10,10.65,10.7,1,20,1537981849061
0,8,10,10.65,10.7,3,20,1537981858700
0,10,10,10.65,10.7,1,20,1537981865603
0,7,10,10.65,10.7,1,20,1537981865603
0,19,10,10.65,10.7,1,20,1537981865603
0,18,10,10.65,10.7,2,20,1537981865603
0,2,10,10.6,10.7,1,20,1537981865603
0,18,10,10.65,10.7,1,20,1537981865603
0,19,10,10.6,10.7,1,20,1537981865603
0,7,10,10.6,10.7,1,20,1537981865603
0,7,8,10.6,10.65,1,2,1537981865604
0,7,19,10.6,10.65,1,1,1537981865604
0,19,19,10.6,10.65,1,1,1537981865604
0,11,8,10.6,10.65,3,1,1537981865604
0,18,8,10.6,10.65,1,1,1537981865604
0,11,19,10.6,10.65,3,2,1537981865604
0,18,19,10.6,10.65,1,1,1537981865604
0,3,19,10.6,10.65,2,2,1537981865605
0,19,19,10.6,10.65,1,2,1537981865605
0,10,8,10.6,10.65,1,1,1537981865606
0,2,8,10.6,10.65,2,1,1537981865606
0,2,8,10.6,10.65,3,1,1537981865606
0,18,8,10.6,10.65,4,1,1537981865606
0,18,19,10.6,10.65,4,1,1537981865607
0,18,10,10.6,10.65,4,2,1537981865804
0,18,10,10.6,10.65,5,2,1537981869319
0,18,11,10.6,10.65,5,1,1537981941428
0,18,10,10.6,10.65,5,1,1537981941435
0,18,10,10.6,10.7,5,21,1537981941435
0,7,10,10.65,10.7,1,21,1537981941436
0,12,10,10.65,10.7,4,21,1537981941436
0,12,10,10.65,10.7,2,21,1537981941436
0,2,10,10.65,10.7,2,21,1537981941436
0,12,10,10.65,10.7,2,21,1537981941436
0,19,10,10.65,10.7,1,21,1537981941436
0,18,10,10.65,10.7,1,21,1537981941436
0,19,10,10.65,10.7,1,21,1537981941436
0,2,10,10.65,10.7,2,21,1537981941436
0,12,10,10.65,10.7,2,21,1537981941436
0,12,10,10.65,10.7,4,21,1537981941436
0,12,10,10.65,10.7,2,21,1537981941436
0,19,10,10.65,10.7,1,21,1537981941436
0,12,10,10.65,10.7,2,21,1537981941436
0,19,10,10.65,10.7,1,21,1537981941436
0,2,10,10.65,10.7,2,21,1537981941436
0,10,10,10.65,10.7,4,21,1537981941538
0,10,10,10.65,10.7,3,21,1537981941538
0,10,10,10.65,10.7,4,20,1537981941539
0,10,10,10.65,10.7,4,21,1537981941704
0,10,10,10.65,10.7,3,21,1537981942626
0,10,10,10.65,10.7,4,21,1537981942804
0,10,10,10.65,10.7,5,21,1537981944083
0,10,10,10.65,10.7,5,19,1537981947365
0,10,10,10.65,10.7,5,18,1537981947747
0,10,10,10.65,10.7,5,19,1537981947851
0,10,10,10.65,10.7,4,19,1537981954899
0,10,10,10.65,10.7,3,19,1537981954900
0,10,10,10.65,10.7,4,19,1537981955004
0,10,10,10.65,10.7,3,19,1537981955005
0,17,10,10.65,10.7,2,19,1537981955017
0,18,10,10.6,10.7,2,19,1537981955563
0,17,10,10.65,10.7,1,19,1537981955563
0,18,8,10.6,10.65,2,1,1537981955564
0,18,8,10.6,10.65,2,1,1537981955564
0,11,8,10.6,10.65,4,1,1537981955564
0,2,8,10.6,10.65,2,1,1537981955564
0,2,8,10.6,10.65,2,1,1537981955564
0,11,12,10.6,10.65,4,3,1537981955564
0,11,12,10.6,10.65,4,2,1537981955564
0,11,10,10.6,10.65,4,3,1537981955624
0,15,10,10.6,10.65,1,3,1537981955625
0,18,10,10.6,10.65,2,3,1537981955671
0,18,10,10.6,10.65,2,4,1537981955803
0,18,10,10.6,10.65,2,3,1537981956581
0,18,10,10.6,10.65,2,4,1537981956704
0,2,10,10.6,10.65,2,4,1537981990213
0,2,10,10.6,10.65,3,4,1537981990213
0,11,10,10.6,10.65,2,4,1537982023599
0,19,10,10.6,10.65,2,4,1537982026303
0,8,10,10.6,10.65,1,4,1537982030241
0,10,10,10.6,10.65,2,4,1537982030241
0,8,10,10.6,10.65,1,5,1537982052822
0,19,10,10.6,10.65,1,5,1537982053135
0,17,8,10.55,10.6,1,1,1537982065069
0,17,10,10.55,10.65,1,5,1537982065069
0,17,19,10.55,10.6,1,2,1537982065069
0,11,19,10.55,10.6,1,2,1537982065070
0,11,19,10.55,10.6,4,2,1537982065070
0,11,19,10.55,10.6,3,2,1537982065070
0,11,18,10.55,10.6,3,3,1537982065072
0,11,10,10.55,10.6,3,5,1537982065073
0,3,10,10.55,10.6,2,5,1537982065120
0,3,10,10.55,10.6,2,6,1537982065173
0,3,10,10.55,10.6,2,5,1537982065173
0,19,10,10.55,10.6,1,5,1537982102511
0,19,10,10.55,10.6,2,5,1537982124276
0,3,10,10.55,10.6,2,5,1537982149143
0,19,10,10.55,10.6,2,5,1537982160394
0,19,10,10.55,10.6,1,5,1537982163407
0,10,10,10.55,10.6,1,5,1537982163407
0,19,10,10.55,10.6,2,5,1537982208995
0,3,10,10.55,10.6,2,5,1537982223162
0,3,10,10.55,10.6,2,4,1537982401220
0,3,10,10.55,10.6,3,4,1537982405152
0,11,10,10.55,10.6,2,4,1537982405154
0,11,10,10.55,10.6,2,5,1537982409131
0,12,10,10.55,10.6,2,5,1537982435152
0,12,10,10.55,10.6,2,6,1537982440154
0,12,10,10.55,10.6,2,5,1537982460230
0,12,10,10.55,10.6,2,6,1537982460406
0,3,10,10.55,10.6,2,6,1537982467539
0,3,10,10.55,10.6,2,5,1537982469147
0,3,10,10.55,10.6,2,6,1537982469307
0,3,10,10.55,10.6,2,7,1537982485096
0,3,10,10.55,10.6,2,6,1537982489387
0,3,10,10.55,10.6,2,7,1537982489506
0,3,10,10.55,10.6,2,6,1537982503907
0,3,10,10.55,10.6,2,7,1537982504107
0,3,10,10.55,10.6,2,6,1537982520627
0,3,10,10.55,10.6,2,7,1537982520807
0,3,10,10.55,10.6,2,8,1537982555152
0,3,10,10.55,10.6,2,5,1537982665152
0,3,10,10.55,10.6,2,4,1537982665152
0,3,10,10.55,10.6,2,3,1537982665152
0,3,10,10.55,10.6,2,5,1537982665154
0,10,10,10.55,10.6,3,5,1537982750237
0,10,10,10.55,10.6,4,5,1537982750237
0,10,10,10.55,10.6,4,3,1537982880217
0,10,10,10.55,10.6,4,4,1537982953922
0,10,10,10.55,10.6,5,4,1537982959293
0,10,10,10.55,10.6,5,3,1537982997740
0,10,10,10.55,10.6,4,3,1537983109443
0,10,10,10.55,10.6,5,3,1537983116438
0,10,8,10.55,10.6,5,2,1537983147568
0,10,10,10.55,10.6,5,3,1537983152699
0,10,10,10.55,10.6,4,3,1537983174102
0,10,8,10.55,10.6,4,2,1537983174310
0,10,8,10.55,10.6,4,1,1537983185045
0,10,12,10.55,10.65,4,2,1537983185045
0,12,12,10.6,10.65,2,2,1537983185045
0,12,12,10.6,10.65,3,2,1537983185045
0,12,12,10.6,10.65,5,2,1537983185045
0,12,12,10.6,10.65,4,2,1537983185045
0,2,12,10.6,10.65,3,2,1537983185046
0,2,10,10.6,10.65,3,2,1537983185053
0,10,10,10.6,10.65,3,2,1537983185053
0,10,10,10.6,10.65,3,3,1537983185131
0,10,10,10.6,10.65,2,3,1537983185168
0,10,10,10.6,10.65,2,3,1537983185410
0,10,10,10.6,10.65,3,3,1537983185410
0,11,10,10.6,10.65,1,3,1537983185844
0,10,10,10.6,10.65,2,3,1537983186399
0,11,10,10.6,10.65,1,3,1537983195785
0,10,10,10.6,10.65,2,3,1537983206573
0,8,10,10.6,10.65,2,2,1537983302140
0,12,10,10.6,10.65,4,2,1537983418673
0,8,10,10.6,10.65,3,2,1537983418673
0,8,10,10.6,10.65,3,2,1537983418673
0,8,10,10.6,10.65,3,2,1537983532201
0,12,10,10.6,10.65,4,2,1537983532201
0,8,8,10.6,10.65,3,2,1537983858914
0,8,10,10.6,10.65,3,3,1537983902140
0,8,10,10.6,10.65,3,4,1537984016015
0,8,10,10.6,10.65,3,3,1537984043001
0,8,10,10.6,10.65,3,4,1537984047147
0,18,10,10.6,10.65,2,4,1537984140475
0,10,10,10.6,10.65,3,4,1537984140475
0,12,10,10.6,10.65,1,4,1537984140475
0,19,10,10.6,10.65,1,4,1537984140475
0,10,10,10.6,10.65,1,4,1537984140475
0,10,8,10.6,10.65,1,4,1537984140475
0,10,8,10.6,10.6,1,1,1537984140476
0,10,12,10.6,10.65,1,6,1537984140476
0,12,19,10.55,10.6,2,2,1537984140476
0,10,19,10.6,10.6,1,2,1537984140476
0,11,19,10.55,10.6,4,2,1537984140477
0,11,12,10.55,10.6,4,3,1537984140478
0,11,15,10.55,10.6,4,2,1537984140479
0,18,15,10.55,10.6,3,2,1537984140582
0,18,2,10.55,10.6,3,2,1537984140584
0,10,2,10.55,10.6,3,2,1537984140644
0,18,2,10.55,10.6,3,2,1537984140816
0,18,10,10.55,10.6,3,2,1537984141354
0,10,10,10.55,10.6,4,2,1537984142631
0,10,10,10.55,10.6,5,2,1537984142776
0,10,8,10.55,10.6,5,2,1537984147805
0,10,8,10.55,10.6,5,4,1537984149810
0,10,8,10.55,10.6,5,5,1537984218923
0,10,8,10.55,10.6,5,6,1537984494787
0,10,8,10.55,10.6,5,7,1537984540303
0,10,8,10.55,10.6,5,6,1537984555323
0,10,8,10.55,10.6,4,6,1537984555340
0,10,8,10.55,10.6,5,6,1537984555517
0,10,10,10.55,10.6,5,8,1537984564561
0,10,8,10.55,10.6,5,6,1537984567381
0,10,10,10.55,10.6,5,8,1537984567897
0,10,8,10.55,10.6,5,6,1537984568797
0,10,8,10.55,10.6,4,6,1537984570581
0,8,8,10.55,10.6,3,6,1537984680182
0,8,8,10.55,10.6,3,7,1537984765595
0,8,8,10.55,10.6,3,6,1537984855712
0,8,8,10.55,10.6,3,7,1537984975875
0,12,8,10.55,10.6,4,7,1537985464806
0,12,8,10.55,10.6,5,7,1537985802030
0,12,8,10.55,10.6,4,7,1537985802030
0,12,8,10.55,10.6,5,7,1537985802033
0,12,8,10.55,10.6,6,7,1537985995596
0,12,8,10.55,10.6,5,7,1537986036552
0,12,8,10.55,10.6,6,7,1537986042369
0,12,8,10.55,10.6,7,7,1537986153103
0,12,8,10.55,10.6,9,7,1537986178685
0,12,8,10.55,10.6,8,7,1537986178685
0,12,8,10.55,10.6,8,7,1537986179461
0,12,8,10.55,10.6,8,6,1537986187256
0,12,8,10.55,10.6,7,6,1537986219618
0,12,8,10.55,10.6,6,6,1537986219640
0,12,8,10.55,10.6,5,6,1537986267836
0,12,12,10.55,10.6,5,5,1537986402879
0,12,12,10.55,10.6,5,6,1537986402887
0,12,8,10.55,10.6,5,5,1537986413571
0,12,8,10.55,10.6,6,5,1537986422737
0,12,12,10.55,10.6,6,6,1537986450132
0,12,12,10.55,10.6,5,6,1537986457045
0,12,12,10.55,10.6,6,6,1537986517764
0,12,12,10.55,10.6,5,6,1537986521606
0,12,12,10.55,10.6,6,6,1537986554177
0,12,12,10.55,10.6,5,6,1537986587081
0,12,12,10.55,10.6,5,7,1537986688264
0,12,12,10.55,10.6,5,6,1537986692443
0,10,12,10.55,10.6,4,6,1537986728482
0,10,12,10.55,10.6,6,6,1537986728609
0,10,12,10.55,10.6,5,6,1537986728609
0,10,12,10.55,10.6,5,6,1537986752689
0,10,12,10.55,10.6,6,6,1537986753584
0,10,8,10.55,10.6,6,5,1537986763369
0,10,12,10.55,10.6,6,6,1537986763386
0,10,12,10.55,10.6,4,6,1537986787583
0,10,12,10.55,10.6,5,6,1537986787583
0,10,12,10.55,10.6,5,6,1537986787710
0,10,8,10.55,10.6,5,5,1537986909073
0,10,12,10.55,10.6,5,6,1537986917177
0,10,12,10.55,10.6,5,7,1537986958645
0,10,12,10.55,10.6,5,8,1537987001898
0,10,12,10.55,10.6,5,7,1537987002045
0,10,12,10.55,10.6,5,6,1537987018726
0,10,12,10.55,10.6,5,7,1537987018742
0,10,12,10.55,10.6,4,7,1537987104637
0,10,12,10.55,10.6,5,7,1537987104811
0,10,12,10.55,10.6,6,7,1537987107078
0,10,12,10.55,10.6,5,7,1537987127048
0,10,12,10.55,10.6,6,7,1537987129875
0,10,12,10.55,10.6,4,7,1537987136911
0,10,12,10.55,10.6,5,7,1537987136911
0,10,12,10.55,10.6,5,7,1537987137012
0,10,12,10.55,10.6,6,7,1537987144429
0,10,12,10.55,10.6,5,7,1537987153675
0,10,12,10.55,10.6,6,7,1537987153676
0,10,12,10.55,10.6,6,6,1537987179176
0,10,12,10.55,10.6,5,6,1537987180776
0,10,12,10.55,10.6,6,6,1537987180912
0,10,12,10.55,10.6,6,7,1537987287969
0,10,12,10.55,10.6,6,6,1537987292211
0,10,12,10.55,10.6,6,7,1537987334149
0,12,12,10.55,10.6,5,7,1537987349187
0,10,12,10.55,10.6,6,7,1537987349313
0,10,12,10.55,10.6,6,8,1537987423806
0,10,12,10.55,10.6,6,7,1537987426827
0,12,12,10.55,10.6,5,7,1537987426956
0,10,12,10.55,10.6,5,8,1537987426957
0,12,12,10.55,10.6,5,8,1537987427066
0,10,12,10.55,10.6,5,7,1537987430473
0,10,12,10.55,10.6,5,6,1537987439296
0,10,12,10.55,10.6,5,7,1537987439312
0,12,12,10.55,10.6,5,6,1537987439312
0,12,12,10.55,10.6,5,7,1537987439387
0,12,12,10.55,10.6,5,6,1537987587001
0,12,12,10.55,10.6,5,7,1537987731640
0,12,12,10.55,10.6,5,8,1537987754728
0,12,12,10.55,10.6,5,7,1537987829835
0,12,12,10.55,10.6,4,7,1537987829854
0,12,12,10.55,10.6,3,7,1537987829854
0,12,12,10.55,10.6,2,7,1537987829854
0,10,12,10.55,10.6,1,8,1537987829854
0,10,12,10.55,10.6,2,9,1537987829854
0,10,12,10.55,10.6,1,7,1537987829854
0,10,12,10.55,10.6,1,9,1537987829854
0,10,12,10.55,10.55,2,2,1537987829854
0,10,8,10.55,10.55,2,1,1537987829854
0,10,8,10.55,10.55,2,1,1537987829854
0,10,12,10.55,10.6,2,9,1537987829854
0,10,12,10.55,10.6,1,9,1537987829854
0,10,12,10.55,10.6,1,8,1537987829855
0,10,12,10.55,10.6,1,7,1537987829954
0,10,12,10.55,10.6,2,7,1537987830054
0,10,12,10.55,10.6,3,7,1537987830851
0,10,12,10.55,10.6,4,7,1537987830852
0,10,12,10.55,10.6,3,7,1537987830852
0,12,12,10.55,10.6,1,7,1537987833578
0,12,12,10.55,10.6,1,8,1537987833579
0,12,12,10.5,10.6,27,10,1537987833579
0,12,12,10.55,10.6,1,10,1537987833579
0,12,10,10.5,10.6,27,6,1537987833579
0,12,10,10.5,10.6,27,5,1537987833579
0,12,18,10.5,10.55,27,1,1537987833579
0,12,11,10.5,10.55,27,1,1537987833579
0,12,12,10.5,10.55,27,5,1537987833579
0,12,12,10.5,10.55,27,4,1537987833579
0,12,12,10.5,10.55,27,8,1537987833579
0,12,12,10.5,10.55,26,6,1537987833579
0,12,12,10.5,10.55,27,6,1537987833579
0,12,12,10.5,10.55,27,6,1537987833579
0,12,12,10.5,10.55,26,5,1537987833580
0,12,12,10.5,10.55,25,5,1537987833593
0,12,12,10.5,10.55,24,5,1537987833593
0,12,12,10.5,10.55,24,4,1537987833679
0,12,10,10.5,10.55,23,4,1537987834507
0,12,12,10.5,10.55,23,5,1537987836730
0,12,12,10.5,10.55,23,7,1537987839742
0,12,12,10.5,10.55,23,9,1537987844858
0,12,12,10.5,10.55,23,10,1537987899706
0,12,12,10.5,10.55,24,10,1537988107668
0,12,12,10.5,10.55,25,10,1537988212744
0,12,12,10.5,10.55,25,11,1537988249768
0,12,12,10.5,10.55,24,11,1537988255589
0,12,12,10.5,10.55,25,11,1537988376939
0,12,12,10.5,10.55,24,11,1537988401012
0,12,12,10.5,10.55,22,11,1537988401013
0,12,12,10.5,10.55,23,11,1537988401014
0,12,12,10.5,10.55,22,11,1537988500379
0,12,12,10.5,10.55,22,12,1537988500512
0,12,12,10.5,10.55,22,11,1537988500512
0,12,12,10.5,10.55,21,11,1537988503357
0,12,12,10.5,10.55,22,11,1537988525218
0,12,12,10.5,10.55,21,11,1537988528615
0,12,12,10.5,10.55,22,11,1537988611001
0,12,12,10.5,10.55,23,11,1537988611001
0,12,12,10.5,10.55,24,11,1537988613622
0,12,12,10.5,10.55,25,11,1537988613885
0,12,12,10.5,10.55,26,11,1537988613885
0,12,12,10.5,10.55,25,11,1537988613885
0,12,12,10.5,10.55,25,12,1537988618420
0,12,12,10.5,10.55,24,12,1537988689777
0,12,12,10.5,10.55,24,13,1537988747144
0,12,12,10.5,10.55,24,12,1537988789001
0,12,12,10.5,10.55,24,13,1537988826346
0,12,12,10.5,10.55,24,12,1537988852960
0,12,12,10.5,10.55,25,12,1537988866309
0,12,12,10.5,10.55,25,13,1537989001230
0,12,12,10.5,10.55,25,12,1537989007337
0,12,12,10.5,10.55,26,12,1537989056661
0,12,12,10.5,10.55,26,11,1537989078372
0,12,12,10.5,10.55,26,12,1537989078529
0,12,12,10.5,10.55,26,11,1537989103420
0,12,12,10.5,10.55,27,11,1537989184325
0,12,12,10.5,10.55,27,10,1537989271465
0,12,12,10.5,10.55,28,10,1537989376789
0,12,12,10.5,10.55,29,10,1537989376789
0,12,12,10.5,10.55,28,10,1537989376789
0,12,12,10.5,10.55,28,11,1537989395380
0,12,12,10.5,10.55,28,10,1537989397344
0,12,12,10.5,10.55,28,10,1537989483017
0,12,12,10.5,10.55,28,9,1537989483017
0,12,12,10.5,10.55,28,9,1537989485046
0,12,12,10.5,10.55,29,9,1537989517691
0,12,12,10.5,10.55,29,10,1537989604612
0,12,12,10.5,10.55,29,9,1537989608731
0,12,12,10.5,10.55,29,10,1537989786867
0,12,12,10.5,10.55,29,9,1537989789599
0,12,12,10.5,10.55,29,10,1537989827637
0,12,12,10.5,10.55,30,10,1537989827640
0,12,12,10.5,10.55,30,9,1537989827928
0,12,12,10.5,10.55,32,9,1537989907652
0,12,12,10.5,10.55,31,9,1537989907652
0,12,12,10.5,10.55,31,10,1537989907652
0,12,12,10.5,10.55,31,9,1537989907652
0,12,12,10.5,10.55,31,9,1537989908047
0,12,12,10.5,10.55,31,10,1537989978422
0,12,12,10.5,10.55,31,11,1537990008947
0,12,12,10.5,10.55,31,10,1537990009483
0,12,12,10.5,10.55,31,11,1537990046813
0,12,12,10.5,10.55,31,10,1537990048101
0,12,12,10.5,10.55,31,11,1537990065701
0,12,12,10.5,10.55,31,10,1537990067479
0,12,12,10.5,10.55,31,11,1537990138432
0,12,12,10.5,10.55,31,10,1537990206942
0,12,12,10.5,10.55,31,11,1537990288165
0,12,12,10.5,10.55,30,11,1537990288166
0,12,12,10.5,10.55,29,11,1537990288167
0,12,12,10.5,10.55,27,11,1537990288168
0,12,12,10.5,10.55,25,11,1537990288168
0,12,12,10.5,10.55,26,11,1537990288168
0,12,12,10.5,10.55,28,11,1537990288168
0,12,12,10.5,10.55,23,11,1537990288168
0,12,12,10.5,10.55,24,11,1537990288168
0,12,12,10.5,10.55,22,11,1537990288168
0,12,12,10.5,10.55,24,11,1537990288169
0,12,12,10.5,10.55,23,11,1537990345315
0,12,12,10.5,10.55,23,10,1537990358674
0,12,12,10.5,10.55,23,11,1537990362102
0,12,12,10.5,10.55,23,12,1537990362103
0,12,12,10.5,10.55,23,13,1537990362127
0,12,12,10.5,10.55,25,13,1537990488546
0,12,12,10.5,10.55,26,13,1537990579282
0,12,12,10.5,10.55,26,12,1537990645705
0,12,12,10.5,10.55,26,13,1537990653976
0,12,12,10.5,10.55,26,12,1537990662079
0,12,12,10.5,10.55,26,13,1537990671577
0,12,12,10.5,10.55,28,13,1537990683830
0,12,12,10.5,10.55,28,12,1537990690238
0,12,12,10.5,10.55,28,11,1537990698286
0,12,12,10.5,10.55,28,12,1537990762901
0,12,12,10.5,10.55,28,13,1537990762901
0,12,12,10.5,10.55,28,13,1537990762901
0,12,12,10.5,10.55,29,13,1537990762901
0,12,12,10.5,10.55,28,12,1537990772363
0,12,12,10.5,10.55,27,12,1537990782114
0,12,12,10.5,10.55,27,13,1537990782908
0,12,12,10.5,10.55,27,12,1537990785261
0,12,12,10.5,10.55,27,13,1537990792715
0,12,12,10.5,10.55,27,14,1537990814519
0,12,12,10.5,10.55,27,15,1537990814519
0,12,12,10.5,10.55,27,14,1537990821785
0,12,12,10.5,10.55,27,15,1537990825787
0,12,12,10.5,10.55,27,13,1537990864141
0,12,12,10.5,10.55,27,14,1537990864141
0,12,12,10.5,10.55,27,14,1537990864145
0,12,12,10.5,10.55,29,14,1537990884868
0,12,12,10.5,10.55,29,13,1537990904714
0,12,12,10.5,10.55,29,14,1537990980019
0,12,12,10.5,10.55,29,13,1537990980561
0,12,12,10.5,10.55,29,14,1537990992346
0,12,12,10.5,10.55,29,13,1537991004789
0,12,12,10.5,10.55,29,12,1537991040062
0,12,12,10.5,10.55,29,11,1537991070236
0,12,12,10.5,10.55,29,10,1537991115068
0,12,12,10.5,10.55,29,9,1537991120310
0,12,12,10.5,10.55,30,9,1537991120363
0,12,12,10.5,10.55,30,10,1537991122232
0,12,12,10.5,10.55,30,11,1537991130397
0,12,10,10.5,10.55,30,27,1537991131102
0,12,10,10.5,10.55,30,28,1537991131102
0,12,10,10.5,10.55,30,27,1537991131123
0,12,10,10.5,10.55,32,27,1537991131156
0,12,10,10.5,10.55,12,28,1537991132957
0,12,10,10.5,10.55,32,28,1537991132957
0,12,10,10.5,10.55,9,28,1537991132957
0,12,10,10.5,10.55,11,28,1537991132957
0,12,10,10.5,10.55,5,28,1537991132957
0,12,10,10.5,10.55,7,28,1537991132957
0,12,10,10.5,10.55,4,28,1537991132957
0,12,10,10.5,10.55,2,28,1537991132957
0,15,10,10.5,10.55,1,28,1537991132957
0,10,10,10.5,10.55,1,28,1537991132957
0,10,10,10.5,10.55,3,27,1537991132958
0,10,10,10.5,10.55,1,27,1537991132958
0,3,10,10.5,10.55,2,27,1537991132959
0,10,10,10.5,10.55,1,27,1537991132961
0,10,8,10.5,10.5,1,1,1537991132962
0,10,10,10.5,10.55,1,28,1537991132962
0,10,3,10.5,10.5,1,2,1537991132962
0,11,10,10.45,10.5,4,22,1537991132963
0,11,10,10.45,10.5,4,21,1537991132963
0,10,10,10.45,10.5,6,21,1537991132968
0,10,10,10.45,10.5,7,20,1537991132968
0,10,10,10.45,10.5,7,21,1537991132968
0,10,10,10.45,10.5,7,21,1537991132970
0,10,10,10.45,10.5,7,22,1537991132980
0,10,10,10.45,10.5,5,22,1537991132986
0,10,10,10.45,10.5,6,22,1537991132986
0,11,10,10.45,10.5,4,22,1537991132987
0,10,10,10.45,10.5,4,22,1537991132988
0,10,10,10.45,10.5,3,22,1537991133018
0,10,10,10.45,10.5,4,22,1537991133018
0,10,10,10.45,10.5,3,22,1537991133105
0,10,10,10.45,10.5,3,24,1537991144623
0,10,12,10.45,10.5,3,9,1537991163371
0,10,12,10.45,10.5,3,10,1537991163374
0,10,12,10.45,10.5,4,10,1537991164869
0,10,12,10.45,10.5,4,11,1537991209006
0,10,12,10.45,10.5,4,10,1537991209614
0,10,12,10.45,10.5,4,9,1537991209614
0,10,12,10.45,10.5,4,8,1537991209614
0,10,12,10.45,10.5,3,8,1537991209616
0,12,12,10.45,10.5,2,8,1537991211427
0,12,12,10.45,10.5,1,8,1537991212000
0,2,12,10.4,10.5,4,10,1537991212000
0,2,12,10.4,10.5,4,8,1537991212000
0,2,12,10.4,10.5,4,8,1537991212000
0,19,12,10.45,10.5,1,10,1537991212000
0,19,12,10.45,10.5,1,8,1537991212000
0,19,10,10.45,10.45,1,2,1537991212000
0,2,12,10.4,10.5,4,10,1537991212000
0,19,10,10.45,10.45,1,1,1537991212000
0,19,10,10.45,10.45,1,1,1537991212000
0,18,10,10.4,10.45,4,1,1537991212001
0,11,3,10.4,10.45,4,2,1537991212001
0,18,3,10.4,10.45,4,2,1537991212001
0,11,10,10.4,10.45,4,4,1537991212001
0,11,10,10.4,10.45,4,3,1537991212001
0,11,10,10.4,10.45,4,6,1537991212002
0,11,10,10.4,10.45,4,5,1537991212002
0,11,10,10.4,10.45,4,7,1537991212012
0,11,10,10.4,10.45,4,6,1537991212032
0,17,10,10.4,10.45,1,6,1537991212033
0,19,10,10.4,10.45,1,6,1537991212595
0,10,10,10.4,10.45,2,6,1537991212596
0,12,10,10.4,10.45,2,6,1537991212652
0,12,10,10.4,10.45,2,5,1537991213837
0,12,10,10.4,10.45,2,6,1537991235025
0,12,10,10.4,10.45,3,6,1537991260423
0,12,10,10.4,10.45,4,6,1537991260423
0,12,10,10.4,10.45,3,6,1537991260602
0,10,10,10.4,10.45,3,6,1537991287136
0,2,8,10.4,10.45,2,6,1537991287147
0,15,8,10.4,10.45,2,6,1537991287150
0,10,8,10.4,10.45,3,6,1537991303173
0,10,8,10.4,10.45,3,7,1537991310336
0,15,8,10.4,10.45,2,7,1537991329835
0,10,8,10.4,10.45,2,7,1537991329835
0,12,8,10.4,10.45,2,7,1537991329835
0,19,8,10.4,10.45,1,7,1537991329838
0,19,10,10.4,10.45,1,6,1537991332603
0,11,8,10.4,10.45,1,6,1537991332612
0,11,10,10.4,10.45,1,6,1537991332612
0,10,8,10.4,10.45,2,6,1537991343824
0,12,8,10.4,10.45,3,6,1537991344632
0,12,8,10.4,10.45,4,6,1537991364982
0,12,8,10.4,10.45,5,6,1537991364983
0,12,8,10.4,10.45,4,6,1537991365020
0,12,8,10.4,10.45,5,6,1537991365232
0,12,12,10.4,10.45,5,6,1537991399032
0,12,12,10.4,10.45,5,7,1537991399039
0,12,18,10.4,10.45,5,7,1537991420596
0,12,18,10.4,10.45,5,8,1537991435005
0,12,2,10.4,10.45,6,7,1537991440645
0,18,18,10.4,10.45,6,8,1537991440645
0,12,18,10.4,10.45,6,7,1537991440645
0,12,12,10.4,10.45,6,6,1537991440983
0,12,12,10.4,10.45,6,7,1537991446165
0,18,12,10.4,10.45,5,7,1537991451468
0,12,12,10.4,10.45,5,7,1537991469020
0,12,12,10.4,10.45,4,7,1537991469021
0,18,12,10.4,10.45,4,7,1537991469021
0,8,12,10.4,10.45,5,7,1537991532113
0,12,12,10.4,10.45,4,7,1537991532113
0,12,12,10.4,10.45,5,7,1537991532113
0,8,12,10.4,10.45,4,7,1537991533063
0,12,12,10.4,10.45,5,7,1537991542255
0,12,12,10.4,10.45,7,7,1537991585225
0,12,12,10.4,10.45,7,8,1537991587158
0,12,12,10.4,10.45,7,9,1537991591534
0,12,10,10.4,10.45,7,31,1537991603020
0,12,10,10.4,10.45,9,31,1537991615681
0,12,10,10.4,10.45,8,31,1537991615681
0,12,10,10.4,10.45,8,31,1537991615981
0,12,10,10.4,10.45,7,31,1537991699053
0,10,10,10.4,10.45,6,31,1537991713166
0,12,10,10.4,10.45,7,31,1537991713167
0,12,10,10.4,10.45,8,31,1537991713972
0,18,10,10.4,10.45,7,31,1537991714160
0,12,10,10.4,10.45,7,31,1537991714953
0,10,10,10.4,10.45,9,31,1537991758892
0,12,10,10.4,10.45,10,31,1537991758894
0,10,10,10.4,10.45,9,31,1537991759074
0,12,10,10.4,10.45,9,32,1537991765496
0,12,10,10.4,10.45,9,35,1537991765496
0,10,10,10.4,10.45,10,35,1537991765501
0,10,10,10.4,10.45,10,34,1537991765522
0,12,10,10.4,10.45,8,34,1537991765532
0,12,10,10.4,10.45,9,34,1537991765532
0,10,10,10.4,10.45,9,34,1537991765533
0,10,10,10.4,10.45,10,33,1537991765552
0,10,10,10.4,10.45,9,33,1537991765552
0,10,10,10.4,10.45,11,33,1537991765562
0,10,10,10.4,10.45,10,33,1537991765562
0,12,10,10.4,10.45,8,33,1537991766992
0,10,10,10.4,10.45,10,33,1537991766992
0,10,10,10.4,10.45,9,33,1537991766992
0,10,10,10.4,10.45,10,26,1537991767192
0,10,10,10.4,10.45,11,26,1537991767192
0,10,10,10.4,10.45,10,26,1537991767203
0,10,10,10.4,10.45,10,25,1537991767209
0,10,10,10.4,10.45,10,26,1537991767336
0,10,10,10.4,10.45,11,26,1537991770108
0,10,10,10.4,10.45,10,26,1537991784933
0,10,10,10.4,10.45,11,26,1537991791550
0,10,10,10.4,10.45,11,27,1537991792100
0,10,10,10.4,10.45,12,27,1537991792150
0,10,10,10.4,10.45,11,27,1537991794650
0,10,10,10.4,10.45,12,27,1537991794650
0,10,10,10.4,10.45,13,27,1537991794655
0,10,10,10.4,10.45,14,27,1537991794691
0,10,10,10.4,10.45,15,27,1537991798450
0,10,10,10.4,10.45,14,27,1537991801805
0,10,10,10.4,10.45,14,28,1537991801805
0,12,10,10.4,10.45,8,29,1537991802061
0,12,10,10.4,10.45,8,28,1537991802061
0,10,10,10.4,10.45,8,29,1537991802062
0,10,10,10.4,10.45,7,29,1537991802067
0,10,10,10.4,10.45,7,28,1537991802072
0,10,10,10.4,10.45,8,28,1537991802562
0,12,10,10.4,10.45,6,28,1537991804019
0,12,10,10.4,10.45,6,29,1537991804019
0,12,10,10.4,10.45,6,30,1537991804019
0,10,10,10.4,10.45,8,30,1537991805033
0,10,10,10.4,10.45,7,30,1537991805107
0,12,10,10.4,10.45,8,30,1537991805216
0,12,10,10.4,10.45,8,28,1537991810559
0,12,10,10.4,10.45,8,29,1537991810566
0,12,10,10.4,10.45,8,30,1537991812200
0,12,10,10.4,10.45,8,31,1537991819593
0,12,10,10.4,10.45,8,32,1537991820913
0,12,10,10.4,10.45,9,32,1537991820927
0,12,10,10.4,10.45,9,33,1537991822494
0,12,10,10.4,10.45,9,34,1537991827193
0,12,10,10.4,10.45,9,32,1537991847740
0,12,10,10.4,10.45,9,33,1537991847740
0,12,10,10.4,10.45,9,31,1537991850132
0,12,10,10.4,10.45,9,30,1537991850132
0,12,10,10.4,10.45,9,29,1537991850132
0,12,10,10.4,10.45,9,28,1537991850132
0,12,10,10.4,10.45,9,29,1537991850133
0,12,10,10.4,10.45,9,30,1537991850133
0,12,10,10.4,10.45,9,31,1537991850134
0,12,10,10.4,10.45,9,32,1537991850134
0,12,10,10.4,10.45,9,33,1537991850134
0,12,10,10.4,10.45,9,31,1537991850476
0,12,10,10.4,10.45,9,32,1537991850476
0,12,10,10.4,10.45,9,30,1537991850477
0,12,10,10.4,10.45,9,31,1537991850477
0,12,10,10.4,10.45,9,32,1537991851467
0,12,18,10.4,10.45,9,13,1537991857124
0,12,2,10.4,10.45,9,12,1537991857125
0,12,10,10.4,10.45,9,11,1537991857125
0,12,18,10.4,10.45,9,11,1537991857126
0,12,10,10.4,10.45,9,11,1537991857131
0,12,18,10.4,10.45,9,11,1537991857134
0,12,10,10.4,10.45,9,11,1537991857136
0,12,18,10.4,10.45,9,11,1537991857141
0,12,10,10.4,10.45,9,11,1537991857187
0,12,18,10.4,10.45,9,11,1537991857703
0,10,18,10.4,10.45,10,11,1537991860759
0,12,18,10.4,10.45,9,11,1537991862460
0,12,10,10.4,10.45,9,14,1537991862460
0,12,10,10.4,10.45,9,15,1537991870608
0,10,12,10.4,10.45,11,15,1537991880045
0,10,2,10.4,10.45,11,15,1537991880417
0,10,2,10.4,10.45,11,17,1537991880475
0,10,2,10.4,10.45,11,19,1537991880979
0,10,2,10.4,10.45,10,19,1537991884487
0,12,2,10.4,10.45,9,19,1537991885204
0,12,2,10.4,10.45,9,18,1537991885232
0,12,2,10.4,10.45,10,18,1537991885241
0,10,2,10.4,10.45,9,19,1537991885593
0,10,2,10.4,10.45,9,18,1537991885593
0,10,2,10.4,10.45,10,19,1537991888657
0,10,2,10.4,10.45,10,18,1537991888658
0,10,2,10.4,10.45,11,18,1537991894676
0,10,2,10.4,10.45,11,17,1537991897697
0,10,2,10.4,10.45,12,17,1537991902683
0,10,2,10.4,10.45,12,18,1537991908319
0,10,2,10.4,10.45,12,19,1537991909153
0,10,2,10.4,10.45,12,20,1537991909153
0,10,2,10.4,10.45,13,20,1537991909698
0,10,2,10.4,10.45,13,19,1537991909699
0,10,2,10.4,10.45,13,20,1537991909700
0,10,2,10.4,10.45,13,19,1537991910182
0,10,12,10.4,10.45,13,19,1537991910182
0,10,2,10.4,10.45,13,18,1537991910182
0,10,12,10.4,10.45,12,19,1537991911445
0,10,12,10.4,10.45,11,19,1537991918533
0,10,12,10.4,10.45,12,19,1537991927365
0,18,12,10.4,10.45,11,19,1537991946134
0,10,12,10.4,10.45,11,19,1537991946135
0,10,12,10.4,10.45,12,19,1537991947923
0,18,12,10.4,10.45,11,19,1537991947926
0,10,12,10.4,10.45,11,19,1537991948055
0,10,2,10.4,10.45,11,19,1537991952298
0,18,2,10.4,10.45,10,19,1537991954771
0,18,12,10.4,10.45,10,16,1537991954780
0,18,2,10.4,10.45,10,18,1537991954780
0,18,2,10.4,10.45,10,19,1537991954780
0,18,2,10.4,10.45,10,17,1537991954780
0,10,2,10.4,10.45,11,19,1537991955190
0,10,2,10.4,10.45,11,18,1537991958996
0,10,2,10.4,10.45,11,19,1537991961253
0,10,2,10.4,10.45,12,19,1537991961257
0,10,2,10.4,10.45,12,18,1537991961258
0,10,2,10.4,10.45,14,18,1537991961441
0,10,2,10.4,10.45,14,17,1537991967676
0,10,2,10.4,10.45,14,16,1537991967677
0,10,2,10.4,10.45,12,16,1537991967953
0,10,2,10.4,10.45,11,16,1537991968441
0,10,10,10.4,10.45,11,15,1537991968443
0,10,2,10.4,10.45,11,13,1537991969117
0,10,2,10.4,10.45,12,13,1537991969190
0,10,2,10.4,10.45,11,13,1537991969506
0,10,2,10.4,10.45,11,14,1537991969508
0,10,12,10.4,10.45,11,13,1537991969508
0,10,2,10.4,10.45,11,12,1537991969508
0,10,12,10.4,10.45,11,12,1537991969509
0,10,12,10.4,10.45,10,12,1537991969790
0,10,12,10.4,10.45,11,12,1537991969931
0,10,12,10.4,10.45,10,12,1537991969947
0,10,12,10.4,10.45,9,12,1537991970133
0,10,12,10.4,10.45,9,13,1537991970134
0,10,12,10.4,10.45,8,13,1537991970218
0,10,12,10.4,10.45,9,13,1537991970237
0,10,12,10.4,10.45,10,13,1537991970264
0,10,12,10.4,10.45,9,13,1537991970686
0,10,12,10.4,10.45,9,12,1537991970688
0,18,12,10.4,10.45,8,12,1537991971043
0,10,12,10.4,10.45,8,13,1537991971422
0,10,12,10.4,10.45,8,12,1537991971422
0,18,12,10.4,10.45,7,13,1537991971513
0,18,12,10.4,10.45,8,13,1537991971519
0,18,12,10.4,10.45,8,12,1537991971519
0,18,12,10.4,10.45,9,12,1537991971519
0,18,12,10.4,10.45,8,12,1537991971927
0,18,12,10.4,10.45,8,13,1537991971927
0,18,12,10.4,10.45,8,13,1537991974022
0,18,12,10.4,10.45,8,12,1537991974022
0,18,12,10.4,10.45,8,12,1537991974944
0,18,12,10.4,10.45,8,11,1537991975353
0,18,12,10.4,10.45,7,11,1537991975633
0,18,12,10.4,10.45,7,12,1537991975633
0,10,12,10.4,10.45,8,12,1537991980575
0,18,12,10.4,10.45,7,12,1537991983592
0,10,12,10.4,10.45,8,12,1537991983596
0,10,12,10.4,10.45,8,10,1537991984923
0,10,10,10.4,10.45,8,4,1537991984923
0,10,12,10.4,10.45,8,8,1537991984923
0,18,10,10.4,10.45,9,4,1537991984923
0,10,10,10.4,10.45,8,4,1537991985023
0,18,10,10.4,10.45,9,4,1537991985050
0,10,10,10.4,10.45,9,4,1537991987673
0,10,10,10.4,10.45,10,4,1537991987968
0,10,10,10.4,10.45,10,3,1537991989184
0,10,18,10.4,10.45,10,4,1537991989200
0,10,18,10.4,10.45,8,4,1537991990025
0,10,18,10.4,10.45,8,5,1537991990052
0,10,18,10.4,10.45,7,5,1537991990673
0,10,18,10.4,10.45,5,5,1537991990673
0,18,18,10.4,10.45,6,5,1537991990673
0,10,18,10.4,10.45,17,5,1537991990694
0,10,10,10.4,10.45,17,15,1537991990694
0,10,10,10.4,10.45,17,17,1537991993635
0,10,10,10.4,10.45,17,16,1537991994687
0,10,10,10.4,10.45,14,16,1537991994690
0,10,10,10.4,10.45,14,20,1537991995051
0,10,10,10.4,10.45,13,20,1537991995131
0,10,10,10.4,10.45,13,19,1537991995345
0,10,10,10.4,10.45,15,19,1537991995698
0,10,10,10.4,10.45,15,20,1537991997087
0,10,10,10.4,10.45,16,20,1537991997104
0,10,10,10.4,10.45,18,20,1537991997104
0,10,10,10.4,10.45,19,20,1537991997104
0,10,10,10.4,10.45,17,20,1537991997104
0,10,10,10.4,10.45,19,24,1537991998631
0,10,10,10.4,10.45,19,47,1537991998650
0,10,10,10.4,10.45,18,47,1537991999012
0,10,10,10.4,10.45,18,48,1537991999040
0,10,10,10.4,10.45,22,48,1537991999103
0,10,10,10.4,10.45,22,49,1537991999104
0,10,10,10.4,10.45,22,50,1537991999104
0,10,10,10.4,10.45,20,50,1537991999178
0,10,10,10.4,10.45,21,50,1537991999178
0,10,10,10.4,10.45,21,50,1537991999178
0,10,10,10.4,10.45,22,50,1537991999178
0,10,10,10.4,10.45,12,50,1537991999452
0,10,10,10.4,10.45,9,50,1537991999452
0,10,10,10.4,10.45,8,50,1537991999452
0,10,10,10.4,10.45,7,50,1537991999453
0,10,10,10.4,10.45,5,50,1537991999453
0,10,10,10.4,10.45,6,50,1537991999453
0,10,10,10.4,10.45,5,53,1537991999453
0,10,10,10.4,10.45,5,51,1537991999453
0,10,10,10.4,10.45,5,52,1537991999453
0,10,10,10.4,10.45,5,52,1537991999453
0,10,10,10.4,10.45,5,78,1537991999786
0,10,10,10.4,10.45,23,78,1537991999951
0,10,10,10.4,10.45,23,81,1537991999951
0,10,10,10.4,10.45,31,81,1537991999952
0,10,10,10.4,10.45,31,82,1537991999952
0,10,10,10.4,10.45,40,82,1537991999965
0,10,10,10.4,10.45,40,80,1537991999970
0,10,10,10.4,10.45,40,81,1537991999970
0,10,10,10.4,10.45,40,81,1537991999971
0,10,10,10.4,10.45,40,82,1537991999971
0,12,12,10.35,10.5,1,1,1537992306783
0,11,11,10.1,10.75,1,1,1537993397831
0,11,12,10.1,10.5,1,1,1537993397831
0,12,11,10.4,10.75,1,1,1537993397831
0,11,11,10.1,10.75,1,1,1537993397832
0,11,12,10.1,10.7,1,1,1537993397833
0,11,11,10.1,10.75,1,1,1537993398317
0,11,12,9.65,10.75,1,1,1537993440116
0,11,12,10.1,10.75,1,1,1537993441437
0,11,12,9.65,10.75,1,1,1537993499956
0,11,12,10.1,10.75,1,1,1537993501276
0,11,12,9.65,10.75,1,1,1537993559796
0,11,12,10.1,10.75,1,1,1537993561116
0,11,12,9.65,10.75,1,1,1537993620076
0,11,12,10.1,10.75,1,1,1537993621396
0,11,12,9.65,10.75,1,1,1537993679916
0,11,12,10.1,10.75,1,1,1537993681237
0,11,12,9.65,10.75,1,1,1537993739757
0,11,12,10.1,10.75,1,1,1537993741077
0,11,12,9.65,10.75,1,1,1537993800037
0,11,12,10.1,10.75,1,1,1537993801356
0,11,12,9.65,10.75,1,1,1537993859876
0,11,12,10.1,10.75,1,1,1537993861197
0,11,12,9.65,10.75,1,1,1537993920156
0,11,12,10.1,10.75,1,1,1537993921037
0,11,12,9.65,10.75,1,1,1537993979996
0,11,12,10.1,10.75,1,1,1537993981317
0,11,12,9.65,10.75,1,1,1537994039837
0,11,12,10.1,10.75,1,1,1537994041157
0,11,12,9.65,10.75,1,1,1537994100116
0,11,12,10.1,10.75,1,1,1537994101436
0,11,12,9.65,10.75,1,1,1537994159956
0,11,12,10.1,10.75,1,1,1537994161276
0,11,12,9.65,10.75,1,1,1537994219797
0,11,12,10.1,10.75,1,1,1537994221116
0,11,11,10.1,10.9,1,1,1537994240279
0,12,11,10.1,12.6,1,1,1537994280076
0,12,11,10.1,10.9,1,1,1537994280076
0,11,11,9.65,12.6,1,1,1537997392998
0,11,12,9.65,10.6,1,1,1537998988711
0,0,12,,10.6,,1,1537999251162
0,0,11,,12.6,,1,1538002800001
0,12,12,,10.6,,9,1538002800001
0,12,12,,10.45,,10,1538006151379
